id,name,artists,duration_ms,year,explicit,spotify_popularity,danceability,energy,acousticness,valence,tempo
0GkfwM6Y33J6yJhZVIMhYY,Chow Down,['7 Year Bitch'],183960,1992,True,,0.342,0.59,0.000102,0.659,122.939
0X6jkQl4WNSVQCFlwx5g2K,Tired Of Nothing,['7 Year Bitch'],134867,1992,True,,0.39,0.578,6.670000000000001e-05,0.486,84.26799999999999
2mbkCcSVDaPuvObj9A4nKv,Knot,['7 Year Bitch'],308467,1992,True,,0.408,0.522,6.59e-05,0.562,91.13600000000001
4HlBBxgC3cIZ4i7ILyC7wj,In Lust You Trust,['7 Year Bitch'],205173,1992,True,,0.24600000000000002,0.49,5.01e-05,0.645,74.368
2VLdRapllBiEIheOIVA8YP,Sink,['7 Year Bitch'],199427,1992,True,,0.434,0.622,0.000198,0.36200000000000004,125.445
3b0LltmGyYSupKdJItFyY3,Gun,['7 Year Bitch'],136773,1992,True,,0.304,0.722,1.01e-05,0.5920000000000001,85.781
2ka2toopDz6vsDoUNUhenB,Lorna,['7 Year Bitch'],116227,1992,True,,0.415,0.816,1.86e-05,0.767,158.377
6ebm0Xb5kNUqolPldIfiyZ,You Smell Lonely,['7 Year Bitch'],123933,1992,True,,0.428,0.8420000000000001,3.06e-06,0.669,142.44899999999996
3R2GvChlVSnSiq2HVK9sTu,No Fucking War,['7 Year Bitch'],113507,1992,True,,0.316,0.765,0.00224,0.528,139.309
4iGxxqZaZ2Z0YFiXgd8n8O,Dead Men Don't Rape,['7 Year Bitch'],167333,1992,True,,0.349,0.7090000000000001,9.03e-06,0.708,114.581
5BF0Mb2gpxcb80JqHJm2az,8-Ball Deluxe,['7 Year Bitch'],172627,1992,True,,0.344,0.742,1.62e-06,0.40700000000000003,124.154
1gxJvqQS8GmxzueqMgvvwh,Can We Laugh Now ?,['7 Year Bitch'],152867,1992,True,,0.34600000000000003,0.596,1.9e-05,0.54,98.40700000000001
74TmgG4aLSRify1y5lABhh,8-Ball Deluxe,['7 Year Bitch'],165000,2005,False,,0.424,0.845,0.0396,0.7909999999999999,122.911
6saQpuNZKYNZNdHHmI8P6X,Politically Correct,['SR-71'],199600,2000,False,,0.465,0.871,0.000294,0.552,171.67
3iwsyTZzOWHZbHffBEyi1N,Right Now,['SR-71'],167200,2000,False,,0.524,0.9670000000000001,0.00028900000000000003,0.731,116.273
4cf27xpF4Te7EFoTWuBnl5,What A Mess,['SR-71'],222227,2000,False,,0.557,0.877,1.42e-05,0.317,103.87799999999999
113Ic34n00ufpCtiijoGQv,Last Man On The Moon,['SR-71'],227400,2000,False,,0.47700000000000004,0.9009999999999999,0.00144,0.62,155.618
3f3d6RqNTcMg6akqQeJjgY,Empty Spaces,['SR-71'],268707,2000,False,,0.461,0.735,0.00215,0.39299999999999996,90.484
5TrUKO6Go3HZAHBMEtIdhp,Another Night Alone,['SR-71'],213733,2000,False,,0.551,0.836,0.000227,0.768,117.81700000000001
6l7mO0YSjrDizNnn0DgGCI,Alive,['SR-71'],252867,2000,False,,0.532,0.75,0.0305,0.39299999999999996,99.816
4A469qAgP3IkDmaq5Ay17f,Fame (What She's Wanting),['SR-71'],166027,2000,False,,0.545,0.878,0.000466,0.509,108.20299999999999
2hAGzc2xzFqmOiU5a4JQkT,Go Away,['SR-71'],260200,2000,False,,0.594,0.5529999999999999,0.45,0.423,99.831
6OANswAgi3wFWAOM3lpfsV,Non-Toxic,['SR-71'],244440,2000,False,,0.5529999999999999,0.84,4.74e-05,0.317,105.848
2lphFQZdci3api0yktJ9Cc,Paul McCartney,['SR-71'],325667,2000,False,,0.46399999999999997,0.782,0.0009449999999999999,0.25,93.935
6umL3Fu63A82SLXRAvhkzV,70's Rock Must Die,['Lard'],427893,2000,False,,0.631,0.9159999999999999,0.0143,0.6609999999999999,128.57
0GXKtxOgLno1suS86KuBwr,7th Phase Dub,['Bluetech'],390893,2003,False,,0.615,0.606,0.37799999999999995,0.758,152.04
2ER16y7FArsDr5llKlGGr2,No. 7,['No. 7'],200080,1997,False,,0.809,0.261,6.43e-05,0.419,65.514
6FX2m6vZisDc5UdRwtK18G,Misty Mountain Hop,['7 Seconds'],239933,1993,False,,0.45299999999999996,0.787,5.39e-05,0.542,154.765
7fbnHeCNqkVpuRJaW7hbrR,77,['Malchus'],200063,2016,False,,0.517,0.83,6.08e-05,0.223,97.494
6nsfXq9XShcyiXjvj9DQq0,Perfección - En Vivo,['Attaque 77'],327400,2001,False,,0.414,0.981,7.74e-05,0.5539999999999999,109.209
0Twzv7Nuq0YXmSOhEAIpEG,Cambios - En Vivo,['Attaque 77'],139840,2001,False,,0.442,0.988,0.000629,0.45299999999999996,114.09299999999999
13s1WjS3yXJ6vFI9s0tBwn,Cuanta Cerveza - En Vivo,['Attaque 77'],183920,2001,False,,0.122,0.98,0.00144,0.667,180.416
6elzrZUNnORbvYZPWtc92I,El Perro - En Vivo,['Attaque 77'],150187,2001,False,,0.20199999999999999,0.993,0.000131,0.18100000000000002,154.26
5fbJEqRIHkxAkPRpr8ciix,El Jorobadito - En Vivo,['Attaque 77'],198147,2001,False,,0.36,0.991,0.0019100000000000002,0.33899999999999997,162.89600000000004
2xxFVSqwcDNojtThOUT0nM,Nuestros Años Felices - En Vivo,['Attaque 77'],164760,2001,False,,0.33399999999999996,0.9390000000000001,0.0018,0.595,152.782
0Eqdt442KPXmyKnmhd7Wox,El Cielo Puede Esperar - En Vivo,['Attaque 77'],174333,2001,False,,0.214,0.988,2.2e-05,0.3,151.83700000000005
72JzCbJy7bHERnXXDOfo9j,Soy Rebelde - En Vivo,['Attaque 77'],162707,2001,False,,0.299,0.965,0.000178,0.244,109.912
1v4FGPXspGtVhVG5byU0rx,Chicos y Perros - En Vivo,['Attaque 77'],223600,2001,False,,0.255,0.981,0.001,0.517,156.631
3Uu0njEUSVBXCzXYaXaOxH,Estrellas - En Vivo,['Attaque 77'],128547,2001,False,,0.303,0.8959999999999999,0.0304,0.789,159.286
1FHEpgMvoOurPyIGyvpnPb,Gil - En Vivo,['Attaque 77'],123453,2001,False,,0.38,0.993,0.0144,0.4320000000000001,103.678
1oUvy7VibHumbOf8775s1e,Alza Tu Voz - En Vivo,['Attaque 77'],165467,2001,False,,0.318,0.996,0.000536,0.255,159.07
3erKG3V00GDMGoNCYEcZwY,Angeles Caídos - En Vivo,['Attaque 77'],171893,2001,False,,0.39,0.986,0.000269,0.251,120.95700000000001
04xYi5v89gvAt1CaoDGJR5,Soy de Attaque - En Vivo,['Attaque 77'],84427,2001,False,,0.434,0.9490000000000001,0.0222,0.263,104.404
67L4NYxnXikiL2L3BxQbdL,Canción Inútil - En Vivo,['Attaque 77'],239880,2001,False,,0.38,0.976,9.13e-05,0.523,107.009
3onm3BjPwVaKjDqOciZy3A,Consejos del Abuelo - En Vivo,['Attaque 77'],192600,2001,False,,0.35600000000000004,0.98,0.00020099999999999998,0.341,102.355
3knLt6cL9VqRRDfS2zuR2b,Tres Pájaros Negros - En Vivo,['Attaque 77'],269600,2001,False,,0.31,0.955,8.43e-05,0.519,110.986
2ifIc6hvLS9pi5sUcUU078,Espadas y Serpientes - En Vivo,['Attaque 77'],227053,2001,False,,0.247,0.9790000000000001,0.000172,0.486,169.673
3ATViQfv0mR2vi0yqE1RAT,Vacaciones Permanentes - En Vivo,['Attaque 77'],180227,2001,False,,0.268,0.986,0.00025,0.359,137.635
3FlK0FaPujhMan3A7w196C,Dame el Fuego de Tu Amor - En Vivo,['Attaque 77'],112107,2001,False,,0.177,0.9690000000000001,0.0379,0.289,159.09
3c4hmSnBQvLyQ0nDycpzAx,Hacelo Por Mí - En Vivo,['Attaque 77'],215240,2001,False,,0.233,0.9520000000000001,0.000165,0.579,159.268
3KAzDoRRG9BFI5DJ5JA6T1,No Me Arrepiento de Este Amor - En Vivo,['Attaque 77'],298187,2001,False,,0.2,0.9890000000000001,0.0008550000000000001,0.201,103.021
6LBMLoeDbJLVyrAWJsaI3L,Numancia - En Vivo,['Attaque 77'],289067,2001,False,,0.245,0.988,0.000188,0.325,99.76299999999999
7GQ0owEfElTa0tlsQpljkg,7 a.m. and sober again,['Mark Mallman'],242907,2002,False,,0.377,0.358,0.465,0.0748,125.73200000000001
14pS8w0elquuzlUx3nqQ0w,One Six,['7L & Esoteric'],53777,2002,True,,0.873,0.555,0.133,0.7290000000000001,90.934
7htuNpZWosnto4wXMkKYZk,Watch Me,['7L & Esoteric'],234013,2002,True,,0.9279999999999999,0.882,0.402,0.691,94.08
5ZZ6BkB25ug7lNbqkiiV25,Warning - Knife in the Face,['7L & Esoteric'],212000,2002,True,,0.799,0.8590000000000001,0.16399999999999998,0.557,93.514
1V7JHIo3MVBXVkdQ4XiPbS,Terrorist's Cell,['7L & Esoteric'],154640,2002,True,,0.769,0.8320000000000001,0.475,0.7929999999999999,95.152
26MAYQr2PcHTCrGqosdjgW,Precision,['7L & Esoteric'],228347,2002,True,,0.6629999999999999,0.9470000000000001,0.0138,0.8690000000000001,187.763
4Rmf2Ct66oI6KBZjC8aRCP,Word Association,['7L & Esoteric'],208227,2002,True,,0.935,0.9490000000000001,0.0655,0.6759999999999999,97.508
3V4g2KZizqT7EQPPIczznj,Stalker,['7L & Esoteric'],236573,2002,True,,0.8809999999999999,0.753,0.46299999999999997,0.534,96.242
21SsMYlkQsYrPuCH6ze4Tv,Speak Now,['7L & Esoteric'],275747,2002,True,,0.672,0.858,0.185,0.8390000000000001,87.677
36kteMBjOAZY3eMDLr6MI6,Rules of Engagement,['7L & Esoteric'],178400,2002,True,,0.774,0.815,0.0314,0.765,91.542
5TgCha4L3BnH70ZPtadbei,Riccardi Man,['7L & Esoteric'],111280,2002,True,,0.602,0.451,0.301,0.32899999999999996,130.21200000000002
2HO6gP8I7d5xAu7JsQulIT,Herb,['7L & Esoteric'],187827,2002,True,,0.895,0.818,0.0582,0.8,92.072
1lSDrJJk8R27MY1x6UUzVT,What I Mean,['7L & Esoteric'],256187,2002,True,,0.841,0.732,0.282,0.8029999999999999,95.145
6uoXZNUHDHywvg5b5My2Rh,Rest in Peace,['7L & Esoteric'],227920,2002,True,,0.82,0.8809999999999999,0.0177,0.7759999999999999,90.70299999999999
5bRXvVW8T00o6mvi2m3RYl,The Way Out,['7L & Esoteric'],161307,2002,True,,0.759,0.797,0.13,0.915,90.044
5RKagNInjIF9LNDPvo3zuh,Come All Ye Faithful,['Elf 7'],339760,1997,False,,0.8029999999999999,0.773,0.0356,0.9640000000000001,127.975
4m4GsJrqKwFEvTvjhCanTI,777,['Nautilis'],200587,2002,False,,0.831,0.601,0.0969,0.636,119.961
089gsCHUvFZqYBy0ByIREN,70's Song (Long Division Demo),['Mira'],365068,2005,False,,0.389,0.519,0.7759999999999999,0.209,109.927
07shcJyKgwrRjKjKiuZZRu,7/30,['Calliope'],168840,1999,False,,0.44,0.43799999999999994,0.5820000000000001,0.301,86.87799999999999
58N1opr9Y0hiCPlDqKyemH,7-Whores of Hollywood,['Casey Chaos'],102213,2004,False,,0.324,0.996,0.00046100000000000004,0.12300000000000001,142.42700000000005
40pg2bEwJtnB5FGycEGki5,7th Son,['Amulance'],387360,1989,False,,0.201,0.92,0.0012,0.168,114.419
66FFYMu8T9EdVmKc46qLvA,7-11,['生祥樂隊'],323320,2013,False,,0.648,0.25,0.982,0.22,157.41
4O6SPuyMg828zYwONRxcKx,7th Heaven,['Prodigy'],164560,2007,True,,0.515,0.8190000000000001,0.0492,0.555,89.20200000000001
0RLiplrAsLQ0RQzOKCl6Zk,El Pai de Don Julio,['Lucky 7 Mambo'],232653,2009,False,,0.7140000000000001,0.9129999999999999,0.6579999999999999,0.787,93.984
2QGeZB85hYsZzaR0XNI0DI,Peroxide 70%,['Plaster'],239373,2005,False,,0.609,0.42200000000000004,0.41,0.6659999999999999,174.375
2mwQ1HcvlfWpbeiy6apRGi,Symphony For The Surrealists,['The 7th Plain'],782600,2007,False,,0.365,0.659,0.168,0.0489,127.051
7pO0ejQ43qvmGvmRAYvvOY,7th Fall,['Echaskech'],270947,2007,False,,0.413,0.24100000000000002,0.892,0.0392,119.978
1e69HpGrDdfIWAsRuBS4T4,Angeles Caídos,['Attaque 77'],159200,1993,False,,0.519,0.8959999999999999,0.00037400000000000004,0.882,128.355
79ccgkZfG4p3SNR1pYgqE6,Cuanta Cerveza,['Attaque 77'],180667,1993,False,,0.43799999999999994,0.9109999999999999,0.00463,0.746,174.255
1tvVfQhfM5XCmt6MtgPlqt,Justicia,['Attaque 77'],208640,1993,False,,0.451,0.8320000000000001,0.0524,0.711,171.898
3WwgWopoX64ZiQag5U2kDL,Lo Que Quieras,['Attaque 77'],216400,1993,False,,0.344,0.958,0.0346,0.537,181.092
0CY07gtw4zRuHM4b6ijFu3,Cuál Es el Precio?,['Attaque 77'],241573,1993,False,,0.369,0.8079999999999999,0.0384,0.755,156.459
1zegYurlQE2eZ4B6wk78OH,Dales Libertad,['Attaque 77'],139533,1993,False,,0.349,0.927,0.0154,0.555,171.225
6mFqjBbEWdjbC5F3Ing8Sj,Muy Sucio para Vos,['Attaque 77'],141293,1993,False,,0.56,0.878,0.0356,0.953,130.24
7KDpiCXgT6mNv37RIxlBfK,Chicos y Perros,['Attaque 77'],222293,1993,False,,0.45,0.643,0.0165,0.613,151.25
2y7QsNl3ZEm4DI6ACFxRMV,Porque Te Vas...,['Attaque 77'],174800,1993,False,,0.287,0.924,0.0016,0.461,196.19
4oag2YWS1leJ7Aa0gGE9u0,América,['Attaque 77'],238467,1993,False,,0.4970000000000001,0.8859999999999999,0.0108,0.602,152.32
4jhcZ8JVnQJH91BmQyQohp,Como Billy The Kid,['Attaque 77'],195840,1993,False,,0.4,0.812,0.0017399999999999998,0.426,146.102
3TuglwFnBNrxvsbiDvyJ2p,Nothing Works,['The 757s'],181375,2008,False,,0.408,0.7879999999999999,0.0059299999999999995,0.34299999999999997,128.53799999999998
16scBxlb6KLZ9uu7JfNKIy,747 - Flyin,['Diverse'],152053,2003,True,,0.845,0.8079999999999999,0.07,0.897,92.93
00dMVOa6KAlSBtuTnJ9ARr,70's,['Dwele'],108013,2008,False,,0.599,0.349,0.825,0.231,121.117
2giobMl9X8GYqVlUrRIHCA,7 x 8,['Anjali'],249000,2002,False,,0.539,0.9570000000000001,0.000993,0.885,122.99600000000001
0hwzT2cWwZC7UzBVZXXKp3,7 x 8,['Anjali'],249000,2004,False,,0.539,0.9570000000000001,0.000993,0.885,122.99600000000001
4Ml8L6F7KATSkzmBKOkDiz,Generator 74,['Gas'],74472,1995,False,,0.223,0.0902,0.812,0.0269,87.844
46V6Kyw3NRPs2lds7QCggF,Radio Attack PT2 Re-Edit,['Prefuse 73'],303600,2004,False,,0.726,0.684,0.0683,0.517,91.956
3AxVafJT6SVZZsrcPDXdH5,Interlude,['Prefuse 73'],32347,2004,False,,0.517,0.789,0.00996,0.9420000000000001,171.755
3FpMxoH3qnK6jxJPRhpPZP,Interlude,['Prefuse 73'],34307,2004,False,,0.58,0.43,0.365,0.7809999999999999,93.994
1R8u5wimgz7qAZveRoHeL7,Yendo de la Cama al Living,['Sector 7G'],224200,1999,False,,0.602,0.605,0.000698,0.33399999999999996,170.03799999999995
28tIEFCSSOIvBpowcGLFJx,Polishing The Looking Glass,['Sister 7'],282240,2000,False,,0.384,0.8809999999999999,0.000537,0.355,168.109
5BFaaPvagNu0WiotkNm9PG,Under The Radar,['Sister 7'],209600,2000,False,,0.38799999999999996,0.857,0.0611,0.527,157.16899999999995
12JyYO9MKbms4HtawpcdYW,The Only Thing That's Real,['Sister 7'],249800,2000,False,,0.622,0.885,0.00634,0.836,109.802
5yQTmIwSDhJZMN2GEurFUg,Elijah,['Sister 7'],327560,2000,False,,0.506,0.73,0.0012,0.384,149.944
2gexSb06p3BIKq5WWH8IGQ,My Three Wishes,['Sister 7'],154040,2000,False,,0.515,0.9420000000000001,0.000592,0.762,141.705
0iFTgsSY0h5t4qC6R71cM0,Undone,['Sister 7'],254707,2000,False,,0.535,0.88,0.0164,0.19399999999999998,100.259
6EUWLfnzThImsGkPGigpGZ,Loaded,['Sister 7'],263667,2000,False,,0.556,0.855,0.0028399999999999996,0.385,119.21
2Pb8PE1eJE5rVTKuOjfIOW,Nobody Knows,['Sister 7'],263200,2000,False,,0.695,0.7929999999999999,0.45299999999999996,0.504,80.294
5a5NeL2ydC0db94MpsI3Xd,Kiss Me Baby,['Sister 7'],204893,2000,False,,0.623,0.946,0.0151,0.8140000000000001,94.84700000000001
4E71U7Hj85xQggOYnIjnXf,Leave This Love Behind,['Sister 7'],224667,2000,False,,0.462,0.987,0.000987,0.419,92.82600000000001
6TAXwVlI8J8ovM4ML4wK3w,Superman,['Sister 7'],216373,2000,False,,0.604,0.9179999999999999,0.0262,0.28600000000000003,95.071
3NUaBVN6kisRQK12VVrki3,This One,['Sister 7'],262907,2000,False,,0.5329999999999999,0.8809999999999999,0.00716,0.5820000000000001,93.508
3ubeywVaDjStDWWR2ORdR1,75.07.05 - Instrumental Intro,['Jay-Jay Johanson'],110067,2000,False,,0.8420000000000001,0.528,0.00677,0.5710000000000001,144.056
1pWRRlEJWFcmq9PMTdTgmQ,7/23,['Magik Markers'],219293,2009,False,,0.429,0.39299999999999996,0.262,0.273,71.012
7LX2SR4DFCpZEXhSseAIV0,747 (We Ran Out Of Time),['kent'],468667,1998,False,,0.529,0.653,5.08e-05,0.17800000000000002,102.512
2SKBlQlQjyG0qQQ8ms0Mbz,74 Fullerton,['Slapstick'],144800,1997,True,,0.506,0.838,0.0039700000000000004,0.575,106.399
3aq4HlRkw7s2csxFTKNT6m,Chicago Streets,['Tone 7'],287667,2009,False,,0.619,0.777,0.12300000000000001,0.716,105.171
5eJuaAuwFXUkOI2XmdfWEJ,Maybe I,['Tone 7'],330507,2009,False,,0.7120000000000001,0.605,0.0127,0.461,105.95200000000001
7lMdVM8f6kOSo52NVYEAFE,Same Place Same Time,['Tone 7'],267000,2009,False,,0.6609999999999999,0.389,0.212,0.716,123.991
2q8C0ssvKGjBdVWNhBc9NB,Tell Me,['Tone 7'],321787,2009,False,,0.634,0.34,0.6759999999999999,0.634,82.066
50g1CrCB80VRZBgbnbFGKn,Mischief Maker,['Tone 7'],318520,2009,False,,0.748,0.532,0.0348,0.912,118.012
7fV1YVFHZUY8Kc92Lq5Npd,Fantasize,['Tone 7'],250453,2009,False,,0.639,0.52,0.0918,0.502,97.97200000000001
17Hb9ldsU71vvZ5AIrPYJK,Ballot Or The Gun,['Tone 7'],263853,2009,False,,0.6829999999999999,0.732,0.0060799999999999995,0.669,109.992
5oGqdsj0cRczfVF8hj983T,Revolutionary Eyes,['Tone 7'],369560,2009,False,,0.622,0.66,0.11199999999999999,0.73,118.0
2JNfcpBOJph5JJSGNrCnyQ,Fantasize - Instrumental,['Tone 7'],250507,2009,False,,0.738,0.597,0.317,0.6779999999999999,98.035
1duTm6Nvi3Tm5iIL2xR9Xf,Same Place Same Time - Extended Version,['Tone 7'],483120,2009,False,,0.7190000000000001,0.384,0.168,0.669,123.959
5mgTtTsGsUc6YTnZSzyOVB,Ballot Or The Gun - Acoustic Version,['Tone 7'],347507,2009,False,,0.47,0.293,0.701,0.41200000000000003,73.865
24WCapTES8Q2lJ6B7xLbN3,70 Percent Feeling,['Lowfish'],82453,2003,False,,0.7959999999999999,0.902,0.0044,0.244,113.294
4xTx0HsUFdGoZzjziLfuG5,7.62,['Divercia'],292107,2009,False,,0.25,0.889,0.00434,0.159,115.976
375Bt4cMygPaW2EJYyBajB,Peacock - Haywyre Remix,"['7 Minutes Dead', 'Haywyre']",265167,2014,False,,0.8009999999999999,0.8740000000000001,0.0429,0.35600000000000004,104.98899999999999
57VPsaHXPxjPfgzGslp79A,Peacock,['7 Minutes Dead'],316000,2014,False,,0.603,0.948,0.0656,0.8959999999999999,119.945
1o63Irw9M2TO2utqxSIpGz,Without Chu,"['7 Minutes Dead', 'Emsi']",196731,2019,False,,0.6509999999999999,0.519,0.308,0.732,207.88099999999997
0jS1JjwEyjG9gWOYJgUjmL,Iris-Ann,['78 Saab'],62573,2000,False,,0.4970000000000001,0.294,0.746,0.642,135.875
2aY30I05ibKauTy38KsVPV,Smile,['78 Saab'],210173,2000,False,,0.4,0.705,2.57e-05,0.5329999999999999,121.95100000000001
6n97o9mRruUvAI6kbNlhEH,Sunshine,['78 Saab'],311187,2000,False,,0.366,0.68,0.0149,0.195,111.051
1fLaaue5hnJe19cNtsakVQ,Karma Package Deal,['78 Saab'],237853,2000,False,,0.32,0.866,3.01e-05,0.675,156.2
1BUgf1N5YzoZ7GzUchVhCW,Tetanus,['78 Saab'],311120,2000,False,,0.5,0.5820000000000001,0.0166,0.07200000000000001,118.05
2U83TrZsLxJP9WP9Uw7xZ8,Jack Frost,['78 Saab'],217480,2000,False,,0.469,0.701,0.00485,0.8190000000000001,103.01700000000001
2AojBhsKwRB25obNTyKnCU,Don't Know Much,['78 Saab'],315787,2000,False,,0.45399999999999996,0.593,0.278,0.18100000000000002,144.08100000000005
1VDOvGt5D5ELOJS3Pgkoj5,Green Moon Rise,['78 Saab'],196240,2000,False,,0.376,0.8170000000000001,0.0458,0.569,128.126
5qPt87FdFbBhNVKP1WchFT,Left It up to You,['78 Saab'],224547,2000,False,,0.21899999999999997,0.907,0.00086,0.8390000000000001,170.72
3H0LlTpyPLNct4IIGfsQys,Doctor,['78 Saab'],271027,2000,False,,0.34,0.8370000000000001,1.4300000000000005e-05,0.488,76.097
3WIT9OkKgz8BDOT4tbyRni,Never Ending,['78 Saab'],305307,2000,False,,0.35700000000000004,0.809,0.00042199999999999996,0.40399999999999997,134.982
4jKqzBmVW4kOFl92yv9MB2,Soda,['78 Saab'],473973,2000,False,,0.297,0.517,0.00561,0.038,78.844
1K74opTaob3qHtrtOvJD3r,Iris-Ann (Reprise),['78 Saab'],57947,2000,False,,0.563,0.29100000000000004,0.83,0.519,136.00799999999998
6p3iX2XQIFv6bCjjHFdlY8,7 Years,['Undermathic'],295213,2010,False,,0.249,0.693,0.11199999999999999,0.0931,57.948
3ViRy4IjhtpOJIBkQ5lgfq,747,['4Front'],141267,2002,False,,0.535,0.956,3.32e-05,0.649,119.29299999999999
4buj5W1DZVm9Y7OLvzGaZr,Hammering On,['7L'],182373,2005,False,,0.675,0.369,0.102,0.879,89.319
5nXkZV5qRuh6npm2gC6OIX,Mean Mamma Head,['7L/Beyonder'],109973,2005,False,,0.607,0.3,0.8290000000000001,0.473,71.123
078wY4VO9xgqUlqRR45iyt,Safety Bounce,['7L'],179733,2005,False,,0.752,0.39399999999999996,0.499,0.8220000000000001,91.698
5fTST1KOFAAhfVi0fVeOpi,Tight Wad Charlie,['7L/Beyonder'],23960,2005,False,,0.722,0.0474,0.763,0.882,124.194
5ChRPgtUcGjAAtXPqSgeyV,Let's Get To Know Each Other More,['7L/Beyonder'],25360,2005,False,,0.5489999999999999,0.0931,0.768,0.9440000000000001,190.498
66nkRjdmKkguYgUHhUytLM,Good Intention,['7L'],195387,2005,False,,0.885,0.35700000000000004,0.05,0.774,94.561
1PDVk0BQdnDVToWeQlws76,Operation Code X,['7L/Beyonder'],149080,2005,False,,0.5379999999999999,0.39399999999999996,0.828,0.132,86.895
0xBnU352UWBFRlJgMpuJWL,Where The Action Is,['7L'],201880,2005,False,,0.706,0.575,0.0937,0.53,102.381
5bZ3DEmLjX9pgO7aUBlamL,That B*tch Looks Good,['7L/Beyonder'],10600,2005,False,,0.0,0.258,0.425,0.0,0.0
6qze0Q8sBUuZ0NmAjy31yw,That Slow Position,['7L'],233453,2005,False,,0.716,0.501,0.003,0.961,90.609
4mfv3Cnm4hj4HOc6pWmqke,Bad Company,['7L/Beyonder'],34653,2005,False,,0.5579999999999999,0.183,0.9229999999999999,0.746,158.643
6fGTVhr38ED5jMpsnNQsvK,Puffing Billy,['7L'],146893,2005,False,,0.7340000000000001,0.629,0.563,0.523,92.215
5NEbtqKQDGSvZdFY5xudTi,Line Of Duty,['7L/Beyonder'],78347,2005,False,,0.682,0.0877,0.6779999999999999,0.541,80.281
5P3CoGCACpUYhtDfuiZad5,727,['Refrigerator'],58267,1995,False,,0.653,0.18,0.955,0.655,83.537
50IJOZqYODh4SuQmqOeWGh,Sidewinder,['7 Minutes Dead'],406154,2013,False,,0.39799999999999996,0.767,0.113,0.255,130.009
5ggWcFL0vi0RDrxE49D5mk,700 X 7 - Sky Mix By Control X,['Facil'],464867,1995,False,,0.633,0.5489999999999999,0.12300000000000001,0.0695,180.013
6bVdS3c0wcqc6mrb7GH2Fp,"70,000 Sorrows",['Warlord'],415853,2013,False,,0.43799999999999994,0.88,0.000359,0.56,81.994
2guTNtaLfqR2fpnmKRcqtg,7 and 7 Is…,['Bitchy'],167493,2006,True,,0.22699999999999998,0.95,0.00893,0.475,169.454
7AkNnxH308i016rmdezosh,73,['Knodel'],68467,2002,False,,0.345,0.518,0.22399999999999998,0.0793,63.291000000000004
0FnrbpwATe0iEs3seGo4fE,Processional,['Nostalgia 77'],318800,2004,False,,0.466,0.37799999999999995,0.773,0.0666,144.12
4URy2maIZh37mH7Y3sKVjM,The Convecticle,['Nostalgia 77'],262760,2004,False,,0.841,0.569,0.0529,0.32,80.824
5COtkwgvTswBFTbhwJzrcp,Rain Walk,['Nostalgia 77'],266307,2004,False,,0.564,0.63,0.13,0.256,181.24200000000002
2EWvvn4BPNgwj3gCDmGmLv,Hush,['Nostalgia 77'],280013,2004,False,,0.5429999999999999,0.563,0.0018100000000000002,0.2,80.294
5U53mqhd3ls8EviUPXdkog,Metamorphosis,['Nostalgia 77'],331213,2004,False,,0.662,0.804,0.0276,0.565,104.84700000000001
6kj0fgQCUlps55CmN9Onds,The Mirror,['Nostalgia 77'],457520,2004,False,,0.474,0.479,0.0956,0.263,120.346
41g2MBuMe1eINaQnVwvmgV,"The Gates, Pt. 1 & 2",['Nostalgia 77'],265720,2004,False,,0.617,0.406,0.0143,0.0627,170.31900000000005
6PuDa45aCD5OmO4HYCR5X6,Dirge,['Nostalgia 77'],216613,2004,False,,0.701,0.507,0.7859999999999999,0.34600000000000003,123.137
6oTOEHbwkRca0BxqwzWjTy,The Funeral,['Nostalgia 77'],295440,2004,False,,0.49,0.629,0.0966,0.11599999999999999,145.685
0VrVbL6enkek6sgZiCfnvX,The Beginning,['Nostalgia 77'],338680,2004,False,,0.741,0.823,0.00355,0.368,81.96700000000001
2vyXTvMOvIweM5ekELJKjz,Full Moon Tea Party,['7 ON 7'],428600,2011,False,,0.5720000000000001,0.298,0.637,0.6729999999999999,82.867
0lqh1SGZQNXL5saavGgYNN,The Gate,['7 ON 7'],452133,2011,False,,0.493,0.325,0.865,0.424,113.53299999999999
1ej5jvMBaHfxfLt7Ww4U3c,Back When It Was Fun,['7 ON 7'],348853,2011,False,,0.537,0.203,0.8759999999999999,0.256,81.096
2nQjb2XWqFElBLzicVlA5k,No Big Whup,['7 ON 7'],379987,2011,False,,0.5,0.315,0.42200000000000004,0.649,131.886
0VePiBHUvnnhPH7OHZemfW,Forgetful,['7 ON 7'],366880,2011,False,,0.529,0.099,0.9209999999999999,0.225,115.023
3mwFGgPp5awFhbsUCvNm8U,Love Is Kind,['7 ON 7'],341613,2011,False,,0.4270000000000001,0.102,0.9209999999999999,0.15,104.579
3uaVy2e9EVWWUUmQuMdic6,Winds of the Gullah,['7 ON 7'],419787,2011,False,,0.622,0.396,0.22899999999999998,0.659,116.788
1WY1KlXJRC2g6rO5tDYALk,Nonzero,['7 Billion Units'],286147,2011,False,,0.46299999999999997,0.763,0.000149,0.294,89.74700000000001
2MgBMdSLey8xzAQrmFfI0k,Pinini Reggae,['Attaque 77'],260427,2007,False,,0.48700000000000004,0.7070000000000001,0.0027199999999999998,0.8,100.359
3Eu2DeUArKaONhLmY00qtZ,Heads Down,['Roma 79'],270827,2005,False,,0.42100000000000004,0.8590000000000001,0.0177,0.174,119.99600000000001
4FyNpmUqyrWhlKsEWCGtPr,Disposed to Violate,['Roma 79'],299480,2005,False,,0.303,0.9640000000000001,2.3199999999999998e-05,0.065,85.40100000000002
5vPawOIllQ2hMTNRXEMNz2,Kill the Sun,['Roma 79'],314760,2005,False,,0.384,0.937,0.0008089999999999999,0.34600000000000003,126.125
5LMtxs8083OxaDnBnSqh4i,Gold,['Roma 79'],325027,2005,False,,0.385,0.8270000000000001,0.0077,0.287,142.033
2T8O0zAe22oyAkCejqGCAt,4M01,['Roma 79'],347987,2005,False,,0.47,0.73,0.21100000000000002,0.188,111.82
56ixklRcLijLfK71J98x0P,Angel Message,['Roma 79'],285627,2005,False,,0.242,0.8290000000000001,4.33e-05,0.366,165.898
0gZVepy9BikUHrY3EseJNY,The Spin,['Roma 79'],585227,2005,False,,0.257,0.875,0.0569,0.0967,172.952
2qcUh8mM75axVhNt3zUdTN,Reprise,['Roma 79'],86293,2005,False,,0.223,0.203,0.903,0.0341,101.307
5PIlcaYzXCsCAAfTgaAGFY,The Great Dying,['Roma 79'],411627,2005,False,,0.20800000000000002,0.8340000000000001,0.00112,0.158,139.664
7tSzyk3d45bPvDzL2D3oJt,'78 Honda,['The Tarantulas'],180947,1999,False,,0.423,0.975,0.21100000000000002,0.943,192.48
26nKOHfwKWZmCa63hkFjuM,WYAT Radio/Cane River Waltz,['7 Walkers'],33987,2010,False,,0.395,0.617,0.935,0.77,92.23
3SerAh6LQxNJYj7mTFDwAg,Sue From Bogalusa,['7 Walkers'],209187,2010,False,,0.527,0.7979999999999999,0.036000000000000004,0.8420000000000001,150.69899999999996
3shn1VKYt7kxaF7kkkNWhQ,King Cotton Blues,['7 Walkers'],514187,2010,False,,0.603,0.489,0.276,0.37,116.05
4X4uXr16vsHUKEvsUGHshZ,(For The Love Of) Mr. Okra,['7 Walkers'],191840,2010,False,,0.715,0.462,0.0195,0.813,96.521
4zNjrvwFfj3cXgHIhyDFFI,Chingo!,['7 Walkers'],439693,2010,False,,0.701,0.6659999999999999,0.146,0.6759999999999999,116.81
042LoSWVPQno2Vrzq2PjEl,Louisiana Rain,['7 Walkers'],486747,2010,False,,0.619,0.19699999999999998,0.436,0.275,87.76799999999999
2aFqaj1PuRHI6yvxe8MycQ,Someday You'll See (Prelude),['7 Walkers'],242840,2010,False,,0.19899999999999998,0.5489999999999999,0.00525,0.111,91.46700000000001
1UYF9906bBsDBeG505VSPJ,New Orleans Crawl,['7 Walkers'],345920,2010,False,,0.584,0.621,0.249,0.65,101.84899999999999
5S1bUqfz3DJjb9SNgpLQB4,Evangeline,['7 Walkers'],504507,2010,False,,0.34,0.273,0.517,0.127,78.65
2d9Qx7COv1fnSvWicXzvDJ,Hey Bo Biddle,['7 Walkers'],294107,2010,False,,0.3720000000000001,0.642,0.187,0.491,183.988
13SMZzEjkRZ7sg8phx0ydM,Airline Highway,['7 Walkers'],75640,2010,False,,0.345,0.669,0.0166,0.14300000000000002,99.741
6HEA1O00mbU4FuToJmR1MM,Someday You'll See,['7 Walkers'],184040,2010,False,,0.527,0.368,0.816,0.149,89.744
1QakzpXX1eYxViGoYQ5gos,7 Walkers,['7 Walkers'],353813,2010,False,,0.36,0.647,0.061,0.547,171.672
777dPHvY3z81xLRq8tg46q,The Grateful Dread,['7th Plague'],315560,1999,False,,0.867,0.401,0.002,0.428,154.031
4W4A2hmmQQUgZbvYJcLPCL,_Sealevel.7,['Simon Scott'],427200,2012,False,,0.198,0.382,0.585,0.0375,103.15799999999999
6H88zUPHAEX40dmeaISpja,Fireball,['7eventhirty'],327533,2012,False,,0.531,0.5710000000000001,0.0913,0.0572,92.009
3JPS7nmUx2aIHQ3egN5oJh,Twenty Twelve,['7eventhirty'],166067,2012,False,,0.521,0.857,0.0012,0.175,89.429
3zj4gdWJCbAjxTN8h1HgBm,The ENDtro,['7eventhirty'],89427,2012,False,,0.546,0.831,0.0657,0.701,157.78
5dQGHizHV7TuKBB9A2WxJL,Getup!!!,['7eventhirty'],240120,2012,False,,0.732,0.807,0.00775,0.687,91.035
3lQR8SeYOdYrCoeq3wsuXt,Earth Gurl,['7eventhirty'],158013,2012,False,,0.65,0.889,0.00193,0.769,71.485
6gZfKRG9lWntqVGhXDwH3N,Chocolate Bliss,['7eventhirty'],228960,2012,False,,0.34,0.841,0.0506,0.156,86.10700000000001
2aV4BdysyGPbtQGy4uapFY,"Ahead of Our Time (feat. Headkrack, 5-D, Gensu Dean, Mo Ney Stax)",['7eventhirty'],265760,2012,False,,0.42200000000000004,0.946,0.155,0.312,84.387
0oyrfPgATLWHl094x1CQEa,"Space Gangsta (feat. Coke Bumaye, Ivisuai)",['7eventhirty'],242387,2012,False,,0.725,0.547,0.00932,0.424,85.32600000000002
1sC0UT6fSuAdFm5WlKWFy3,"Mysterious Business (feat. Sleepy Will, Kamikaze)",['7eventhirty'],268827,2012,False,,0.48700000000000004,0.8640000000000001,0.0544,0.5479999999999999,77.602
4YhWM80aNjdwVqVpIUfZHK,GOD (feat. Laurie Walker),['7eventhirty'],205613,2012,False,,0.614,0.675,0.23199999999999998,0.493,107.009
55KrCNDGkg4Hod1UiAGhFv,Heaven's Radio: Interference,['7eventhirty'],286200,2012,False,,0.57,0.892,0.0626,0.451,87.89299999999999
57X768ZjIel8Z8qZQYEMAU,Nightmare,['7eventhirty'],242413,2012,False,,0.355,0.7070000000000001,0.0302,0.318,98.671
3Zi21fR2tqhbhBsDmlAMhV,Strange Life Forms: Devastation,['7eventhirty'],326253,2012,False,,0.665,0.763,0.0294,0.524,89.15899999999998
7cc7ILNuWBycJXNOBSJm5j,Where It's At (Another Tragedy),['7eventhirty'],149213,2012,False,,0.644,0.929,0.0866,0.8909999999999999,90.759
7pv1wt38aybgOJYQMgcNbd,742,['Mitten'],224307,2011,False,,0.597,0.586,0.466,0.28800000000000003,149.972
6mz5DHlezeBhJtFyXUQj7k,7X7,['Minsk'],475600,2010,False,,0.153,0.902,0.131,0.0447,163.731
3rngB5677LhpRcStdP28E8,Six Fingered Hand,['Unit 7 Drain'],312693,2004,False,,0.272,0.924,0.149,0.16399999999999998,140.829
1gqWpsNmItUmQjJEbYLEO4,Astoria Beach,['Unit 7 Drain'],231640,2004,False,,0.35700000000000004,0.867,0.00374,0.374,144.815
7qRlHznwtwBqZNNlisB4kV,Storyboard,['Unit 7 Drain'],187360,2004,False,,0.662,0.38,0.21600000000000005,0.268,109.929
6Zq2HCf5Qvk23ksrfq3pXu,Wind Up Toys,['Unit 7 Drain'],251840,2004,False,,0.434,0.863,0.0122,0.44299999999999995,148.359
2iAIKx6CncWtYOzc3mvNNF,Mr. Red,['Unit 7 Drain'],386040,2004,False,,0.434,0.895,0.0794,0.489,76.494
2u58VFVonlolsb0qHKyPyy,Wrong Way Round,['Unit 7 Drain'],168560,2004,False,,0.62,0.564,0.201,0.205,140.744
4we8BZSlFIDI6LzU84ZVXG,No Sunshine,['Unit 7 Drain'],222027,2004,False,,0.49,0.785,0.0433,0.4970000000000001,147.216
7F62seKsPbxsbdxh6oTc5n,Car On Central,['Unit 7 Drain'],447053,2004,False,,0.536,0.8390000000000001,0.0577,0.581,116.795
74yV3wHjpAVjVUnjowwJ1V,Stomach Cancer,['Unit 7 Drain'],207253,2004,False,,0.395,0.941,0.000524,0.115,101.426
3FsRXIJR5wjkd4Sabg9Rmc,Here We Go,['Unit 7 Drain'],309840,2004,False,,0.604,0.884,0.00179,0.27699999999999997,115.289
09B7V52vjEWVsSr5f1OfoL,7/11 - Homecoming Live,['Beyoncé'],184295,2019,True,,0.5870000000000001,0.732,0.0158,0.38299999999999995,136.084
31ettWGeii2O4ZZdiojjFh,Dear Abby,['Bakelite 78'],218667,2010,False,,0.41200000000000003,0.38799999999999996,0.838,0.665,138.43200000000002
4VH3pEo6E9Qya7jTVu5f7c,7/11 - Homecoming Live,['Beyoncé'],184295,2019,False,,0.588,0.7090000000000001,0.0118,0.371,136.101
2fIv4nLyC4Dr4WOegKsVit,宇宙ステーションのレベル7,['Miracle Musical'],203346,2012,False,,0.537,0.685,0.154,0.408,106.991
1HWi5ACtt485Iek5psowuz,7th Dimension (Original Recording),['Ruins'],150253,2008,False,,0.505,0.895,0.00294,0.774,111.193
1RvlpGLegRHcVaY8tTfQfl,7 Sixes,['Hieroglyphics'],288547,2003,True,,0.865,0.7509999999999999,0.0998,0.8340000000000001,91.956
1qKaDyAs7LqZSbEzkEUNMF,Dwight Spits Intro,['7L & Esoteric'],60027,2006,True,,0.713,0.713,0.439,0.677,84.93299999999998
3bGmjNSKKVTnRFuW4ayMeY,Verbal Assault,['7L & Esoteric'],212520,2006,True,,0.862,0.865,0.349,0.857,93.075
0WECq7ApaHWPbkaJOFfnVg,Terror To Ya Ear,['7L & Esoteric'],196427,2006,True,,0.863,0.836,0.205,0.638,92.10600000000001
0DMBK8QEADXy4iaVDoi29T,Operating Correctly (Feat. Mr. Lif),['7L & Esoteric'],271707,2006,True,,0.5539999999999999,0.8009999999999999,0.0909,0.902,92.256
19gFJBDrFrieyOVamGuQIN,Call Me Es,['7L & Esoteric'],207293,2006,True,,0.728,0.975,0.0459,0.5710000000000001,93.62
6MMxNkPFjzBRFWMaGx9V7q,My Rhyme Pt. 2,['7L & Esoteric'],59667,2006,True,,0.848,0.884,0.207,0.948,89.18799999999996
0KNjmTOQ4XgUc5OnBjgxaM,Jealous Over Nothing,['7L & Esoteric'],234747,2006,True,,0.907,0.877,0.0369,0.8170000000000001,91.95200000000001
0uMzOiAndpPC8LSBHWMdL5,Chain Reaction,['7L & Esoteric'],233733,2006,True,,0.8370000000000001,0.741,0.127,0.862,92.195
4qVq1kDDpF2hV4tJ2H4YSi,Think Back,['7L & Esoteric'],199187,2006,True,,0.833,0.9179999999999999,0.256,0.865,92.089
7LV2EnqxgjUFZ6slGm2xWn,Interlude- Terra What?,['7L & Esoteric'],42747,2006,True,,0.691,0.7140000000000001,0.205,0.6729999999999999,146.842
1AVjMsRac0Bkcp9RBWhJ5B,Mic Mastery,['7L & Esoteric'],215120,2006,True,,0.693,0.987,0.355,0.431,94.06
30ybfdLW4B3Cxrp3T9osvQ,Public Execution,['7L & Esoteric'],253187,2006,True,,0.883,0.775,0.0801,0.62,95.243
3M2o9dvNOm0n9IIax7GOZT,You Know The Concept,['7L & Esoteric'],250693,2006,True,,0.735,0.7929999999999999,0.035,0.8220000000000001,93.235
2Lt1ZinkTMbIKUho2mprvG,Speaking Real Words (Feat. Inspectah Deck),['7L & Esoteric'],251773,2006,True,,0.76,0.925,0.11699999999999999,0.795,92.469
79m3Il4lxoovImgetxu6Je,First Letter,['7L & Esoteric'],73653,2006,True,,0.6659999999999999,0.745,0.6,0.789,184.204
3mgKRoXm0w2bhvwFZXibR1,The Soul Purpose,['7L & Esoteric'],281840,2006,True,,0.927,0.6920000000000001,0.17300000000000001,0.7440000000000001,94.935
3Airtl954wWQxZkJfogXve,Rep The Hardest,['7L & Esoteric'],241627,2006,True,,0.846,0.75,0.155,0.688,94.068
1pTFTIs5VC39uK9ZZsnYAA,Play It Cool,['7L & Esoteric'],146960,2006,True,,0.8390000000000001,0.831,0.38299999999999995,0.878,93.208
3Y5IiQtHIRGT9G9PQ99TZG,Guest List,['7L & Esoteric'],215893,2006,True,,0.795,0.8140000000000001,0.0504,0.846,93.09299999999999
3TkOpku78nx9Vi2IHN647N,"State Of The Art (Feat. Akrobatik, Checkmark, Cadence)",['7L & Esoteric'],266027,2006,True,,0.662,0.873,0.615,0.691,90.98299999999999
3agrvNrgzFIVv8QcgCby5U,Hell When I Come Through,['7L & Esoteric'],193493,2006,True,,0.875,0.7829999999999999,0.00945,0.69,93.06
3QEVwvX7xrurOg2f96Pa43,Brain In Gear,['7L & Esoteric'],192440,2006,True,,0.8759999999999999,0.41700000000000004,0.00965,0.767,97.461
0HYTPzVLmxCSYmyCDFpsWJ,Operating Solo,['7L & Esoteric'],197653,2006,True,,0.9329999999999999,0.636,0.0314,0.691,94.03
2LIqH57QwIjpA6tyJvDxKs,7th Heaven,['Prodigy'],164560,2007,False,,0.51,0.816,0.0413,0.52,88.876
0I9dW303IzKlcue9ZRJfS6,747,['Billyclub'],109013,1996,False,,0.31,0.996,0.0211,0.24,156.572
13bZjbYyAURAlcLkJnhSD0,7th Street Interlude,['UGK'],86400,2009,True,,0.762,0.415,0.00787,0.273,150.065
1raE2D842LAJwqLtcA9dNw,Lies,['Sin Sin 77'],178200,2004,False,,0.243,0.782,0.00172,0.7070000000000001,176.93
0rPTOmB8g0o2Hy4X7D2P1S,Coathanger,['7-10 Split'],173413,2003,False,,0.331,0.9309999999999999,0.000132,0.304,116.42299999999999
2Hw7SUpUram5QBHZTdLxkG,The Stars Have Fallen,['7-10 Split'],151867,2003,False,,0.324,0.966,6.4e-05,0.214,119.35
3nOSA1IshAH1dLBOikGRxe,Three N One,['7-10 Split'],171587,2003,False,,0.302,0.9470000000000001,0.00023799999999999998,0.551,113.29299999999999
2bOXup2kS6XeetBOq1HK1l,Carpe Diem,['7-10 Split'],139853,2003,False,,0.28,0.9640000000000001,4.83e-05,0.38299999999999995,110.169
77Ucv3GYSK1N34bXPBpaQw,Chainsaw Death Riot,['7-10 Split'],129200,2003,False,,0.294,0.966,2.8699999999999996e-05,0.332,112.59
7cdwYqB4fjOJmc3VUrSkmp,Heartless,['7-10 Split'],186053,2003,False,,0.325,0.927,4.35e-05,0.298,119.631
1SwRuuHAOHr8BPGifwXzLC,Edwin Coy,['7-10 Split'],214227,2003,False,,0.314,0.986,0.0005769999999999999,0.159,107.96799999999999
7FTvdrGEN1jQQ6YxY7mFq2,Disowning Jason,['7-10 Split'],191733,2003,False,,0.305,0.9329999999999999,0.000386,0.395,115.699
1ALZInVQ4s9vTZfiXDlvkM,Death Yields Not To The Sweetest Of Things,['7-10 Split'],193187,2003,False,,0.365,0.9570000000000001,0.0017399999999999998,0.371,118.15100000000001
4SHmti3E6tjhUsdR5WkIb4,Moving On,['7-10 Split'],208333,2003,False,,0.23,0.946,1.7100000000000002e-05,0.43799999999999994,102.84299999999999
0k4ladu1EJkShJwK7kMd7m,Smell Of Napalm In The Morning,['7-10 Split'],162347,2003,False,,0.375,0.9570000000000001,0.00037799999999999997,0.24600000000000002,110.851
5tlyI5Z8wO0V0nqCaUVsbs,First Offendment,['7-10 Split'],163267,2003,False,,0.318,0.955,0.000125,0.521,119.37799999999999
4yZR0CvI7y6L9vQM3WGPDR,American Tragic,['714'],202320,2012,False,,0.45399999999999996,0.883,8.7e-05,0.40399999999999997,77.566
4NeLdYRCYSCAcyns9w0tvn,Melt the Glue,['714'],236147,2012,False,,0.39799999999999996,0.9490000000000001,0.000133,0.45899999999999996,99.01700000000001
5ih3W0JeF5fi4CvfswIorc,Kiss Me Now,['714'],266027,2012,False,,0.19399999999999998,0.715,0.0012,0.349,175.25900000000001
5PVhP4EW2Vay2Y2xnVdD83,Beautiful Tonite,['714'],249333,2012,False,,0.447,0.7809999999999999,0.0568,0.27699999999999997,118.0
5mQz7ipjAccDg9c3Et7l36,Roll,['714'],191813,2012,False,,0.4920000000000001,0.737,0.000154,0.77,157.006
1EZdIJvSOvc6rThA2yuwKc,Superman,['714'],239893,2012,False,,0.32299999999999995,0.775,0.000199,0.419,137.011
3srki99AvExpKjz0gW5hw7,Turn Out the Light,['714'],231947,2012,False,,0.5329999999999999,0.742,0.00224,0.392,119.92299999999999
0PQI1eQ0m5hUrEEQ1YozrW,Rape,['714'],216173,2012,True,,0.452,0.8740000000000001,0.00028399999999999996,0.585,138.048
48x88Gpi7GOeJTw6T5G5uP,Josephine,['714'],223827,2012,True,,0.457,0.647,0.000341,0.17,95.98700000000001
5C0ibMqmmU3Dwvoh0omxyq,Would You,['714'],222093,2012,False,,0.446,0.485,0.174,0.24600000000000002,124.198
7Kne5hhoCdEUgWJAIIi787,Dust N Bones,['714'],234160,2012,False,,0.466,0.6509999999999999,0.0017800000000000001,0.441,88.06700000000002
3hNqeHYAg5P7QmKsIoAZNW,The Climb,['714'],227600,2012,False,,0.20800000000000002,0.879,0.000395,0.465,92.98299999999999
5UkKrJ0JwlBYtM6qVWdBKG,Distorted,['714'],274053,2012,False,,0.555,0.7390000000000001,0.000505,0.485,120.052
6AxcIcvADXyxniUdrOtSsG,Set Me Free,['714'],269333,2012,False,,0.4320000000000001,0.6579999999999999,0.196,0.27399999999999997,85.07600000000002
08jAird2h7gXmJxqJtdDeU,A,['7'],233116,2016,False,,0.165,0.14800000000000002,0.958,0.10400000000000001,159.634
3VIFfuNYjaJNXBUOZApZaK,C,['7'],182500,2016,False,,0.322,0.20800000000000002,0.9390000000000001,0.293,120.736
6hLTLwjk64wpGTofSxopKt,H,['7'],104936,2016,False,,0.27699999999999997,0.111,0.99,0.235,120.77600000000001
3kE0UJWnJmTKO2ToLCRX73,U,['7'],79165,2016,False,,0.301,0.0256,0.9620000000000001,0.174,91.492
2y1dZ42Ed3GmaLh2N0xZzt,O,['7'],113424,2016,False,,0.35700000000000004,0.0981,0.958,0.15,94.48700000000001
0TxB7D8WGxC98EjNKoJSDF,X,['7'],64169,2016,False,,0.39,0.0405,0.966,0.284,99.15700000000001
1Wj3AHGjXvTCte4LbrSZ3a,R,['7'],153162,2016,False,,0.39799999999999996,0.07,0.971,0.11,97.41799999999999
4Jl7xP7cbT0yEaZgXuKGmX,J,['7'],92165,2016,False,,0.45899999999999996,0.0257,0.963,0.25,85.70700000000002
3KzBh4q3JaF39otbbX9u5o,G,['7'],97059,2016,False,,0.589,0.0139,0.968,0.19699999999999998,115.3
4JtrZOYEkKMJCGVXii0sAU,.X,['7'],132268,2016,False,,0.31,0.0686,0.968,0.0708,112.816
2VNHuOcDdKPE660fr8LQAx,Y,['7'],95040,2016,False,,0.40299999999999997,0.172,0.9640000000000001,0.237,89.96799999999998
13AMOP2FjB3oW6QZ5H8oOf,V,['7'],83731,2016,False,,0.376,0.0712,0.985,0.0677,56.114
0TSh8Ax8yGXz11CsUZ0Wze,Q,['7'],79941,2016,False,,0.32299999999999995,0.122,0.986,0.0508,164.515
1cBkRz7xgzyEeokBsoGBlc,7th Fall,['Echaskech'],258213,2008,False,,0.409,0.23199999999999998,0.903,0.039,119.93799999999999
2Y9XITQj2ySd4RDPBo8T5r,70' - syntyneet,['Teleks'],225160,2004,False,,0.59,0.723,0.285,0.602,80.601
7afpeadlNPmM6oEo50audc,7th Dynasty,['K'],250000,2002,False,,0.382,0.67,8.89e-05,0.36,184.231
1a7BMO3hcwgFVLyzxZ1MfN,Scooted,['777'],34800,2006,False,,0.16899999999999998,0.7340000000000001,0.16699999999999998,0.0214,72.50399999999998
3Z0THekT38gCMQpE41R2Ow,71 Cents,['Jacobstone'],310715,2000,False,,0.594,0.701,0.00937,0.455,122.96600000000001
097RGv0WzqMxqrlgY5VPSY,7 Bridges Road,['The Texas Tenors'],42987,2011,False,,0.35700000000000004,0.16699999999999998,0.7509999999999999,0.29100000000000004,80.555
5kVcbNqrrjzQtSAU5BwLGU,Fous (feat. 7 Jaws & Bambino),"['Amir', '7 Jaws', 'Bambino']",195150,2020,False,,0.40700000000000003,0.728,0.0793,0.5760000000000001,102.617
0ShCxUetRX9op8gcwSeN0Z,Fuck Halloween,['Blanks 77'],130307,2000,False,,0.313,0.9890000000000001,0.00561,0.35,148.701
5y3DEreHvuG4P3KWPUUR7L,7月の翼,['Aimer'],284120,2014,False,,0.565,0.546,0.261,0.426,140.032
0FJgc0NyjFsbvHMJPvd9wz,Forward Way Back,['7and5'],343360,2008,False,,0.59,0.396,0.138,0.687,169.99
07USgonnQH4b1ms3HLz7ji,777,['Napago'],252462,2015,False,,0.41,0.11,0.885,0.23600000000000002,129.985
0FaO8qvMuOACykNEnyxx3k,Dream #7,['Duvchi'],55693,2015,False,,0.126,0.187,0.9840000000000001,0.191,95.925
0eemR9s9OAJLn5734U2206,Intro (King Asiatic Allah),['7 G.E.M.S. (Tragic Allies & Tragedy Khadafi)'],149258,2013,True,,0.46299999999999997,0.743,0.5429999999999999,0.708,58.285
6m2F95x1OPRmj2goM4u2JU,Without You,['7 G.E.M.S. (Tragic Allies & Tragedy Khadafi)'],284630,2013,True,,0.677,0.7829999999999999,0.39799999999999996,0.825,86.93
4yvrVYBu5sbg1PR90uNmbU,Dem Get Murda,['7 G.E.M.S. (Tragic Allies & Tragedy Khadafi)'],251379,2013,True,,0.604,0.9079999999999999,0.147,0.508,88.022
4CHW59lNOLUaacKVMcG0Dl,No Good,['7 G.E.M.S. (Tragic Allies & Tragedy Khadafi)'],305853,2013,True,,0.382,0.914,0.264,0.7609999999999999,80.696
61oTxy4A5shO7jIsbPiOtx,I Know I'm Reckless,['7 G.E.M.S. (Tragic Allies & Tragedy Khadafi)'],195651,2013,True,,0.489,0.787,0.0561,0.579,76.337
1Cqu9pIBP3NNRt2LShdE0f,Presume The Unpredictable (feat. Roc Marciano),"['7 G.E.M.S. (Tragic Allies & Tragedy Khadafi)', 'Roc Marciano']",248500,2013,True,,0.6809999999999999,0.79,0.18899999999999997,0.4,80.958
5Dad9kZEG6N3E0zBT44BPT,Gems,['7 G.E.M.S. (Tragic Allies & Tragedy Khadafi)'],232989,2013,True,,0.5920000000000001,0.938,0.0856,0.612,90.08200000000001
2tYuFEXro9oYi6WEaMi2CG,Men Of Honor (feat. Relentless),"['7 G.E.M.S. (Tragic Allies & Tragedy Khadafi)', 'Relentless']",240094,2013,True,,0.359,0.87,0.00288,0.823,176.175
6B6LSqM2650lDYCJqWMLkc,Time To Ponder,['7 G.E.M.S. (Tragic Allies & Tragedy Khadafi)'],217748,2013,True,,0.609,0.735,0.245,0.4,87.979
2wFurvQTeH7eLYB2DEYFIo,The Anointed,['7 G.E.M.S. (Tragic Allies & Tragedy Khadafi)'],214642,2013,True,,0.62,0.682,0.115,0.585,90.15
2p8Bu6weQjAQ3fdO5OCAOz,Vantage Point,['7 G.E.M.S. (Tragic Allies & Tragedy Khadafi)'],262980,2013,True,,0.708,0.8959999999999999,0.22399999999999998,0.441,91.914
5y5Y5MlixrYEvKzELfapHU,Beatbox Interlude (feat. Choppa Tha Beatboxa),"['7 G.E.M.S. (Tragic Allies & Tragedy Khadafi)', 'Choppa Tha Beatboxa']",172701,2013,True,,0.5479999999999999,0.8959999999999999,0.364,0.193,101.60700000000001
0dLiIM9KNvXUOssaVBfJ07,Wild Militants,['7 G.E.M.S. (Tragic Allies & Tragedy Khadafi)'],166200,2013,True,,0.733,0.9179999999999999,0.193,0.721,103.88600000000001
03vVsic8mGgvqSnM0rbY51,Foul Thesis (feat. Shabaam Sahdeeq),"['7 G.E.M.S. (Tragic Allies & Tragedy Khadafi)', 'Shabaam Sahdeeq']",257593,2013,True,,0.517,0.96,0.0454,0.8009999999999999,92.225
4ftWWZHLa1C60k5yrOe09s,Verge Of Defeat (feat. Killah Priest),"['7 G.E.M.S. (Tragic Allies & Tragedy Khadafi)', 'Killah Priest']",178321,2013,True,,0.695,0.6409999999999999,0.00908,0.76,96.945
1CTIFms54bT52RZBjTYfdA,Aura Snatchers (Remix),['7 G.E.M.S. (Tragic Allies & Tragedy Khadafi)'],243801,2013,True,,0.385,0.659,0.377,0.688,78.935
6LYa3LOvtWddlrVcrwlmTL,African Grey (Free Remix ),['71 Fish'],326347,2013,False,,0.435,0.867,0.525,0.466,167.957
7cwzdsG44vQCxqKXIqMMVI,Yellow Orange Red,['71 Fish'],291215,2011,False,,0.475,0.309,0.765,0.322,141.561
4aToZ1Rs4gjvbJRkLgGyYr,Unheard Truths,['Speak 714'],102387,1998,False,,0.391,0.6729999999999999,0.00678,0.4970000000000001,100.495
4JAqKXQbD3gToROGtcLROy,Virus,['Speak 714'],113840,1998,False,,0.293,0.93,0.00179,0.262,101.21
3cJh4kJhSeI4ZOFmFyjCJA,Bottom Line,['Speak 714'],143840,1998,False,,0.264,0.941,0.000884,0.32799999999999996,100.235
1wO66GIs55m1b4680WNgJs,In From The Cold,['Speak 714'],129413,1998,False,,0.23800000000000002,0.934,0.00595,0.46,144.124
7oBqwqUYEuW3Vl5TKhfZvi,Now You See Me,['Speak 714'],141853,1998,False,,0.262,0.95,0.00863,0.231,114.921
2iBH2vgfM4UDbMgKo4TtKU,Good Clean Hate,['Speak 714'],142613,1998,False,,0.285,0.7559999999999999,0.0074,0.521,96.98299999999999
3p200qkYo8DlWJ7Lvq0JxB,Free Yourself,['Speak 714'],84080,1998,False,,0.142,0.975,4.29e-05,0.341,158.483
732NrbWA7au6UT8TpKb0ZA,Always,['Speak 714'],72747,1998,False,,0.264,0.985,0.000252,0.228,103.56200000000001
2lv2dz3jqD1NbEAosaEmei,Throwing Stones,['Speak 714'],131147,1998,False,,0.228,0.946,0.00031,0.217,93.49
00402WivLyKLRtw1ZfDW8J,Knee Deep In Guilt,['Speak 714'],208227,1998,False,,0.11199999999999999,0.8590000000000001,0.00062,0.275,184.696
0FpHgtQ2Zuv3aTDaC0iLXd,Act III,['7 Minutes Dead'],221008,2013,False,,0.23399999999999999,0.9359999999999999,0.0808,0.228,194.957
0vTKZSW678GMeo2gCcxFxy,Christina,['Sub 7 and the Undead'],283347,2015,False,,0.299,0.754,0.0018399999999999998,0.115,94.566
1cxOVsZiX1jCQNK9fv60R7,Blood Dance,['Sub 7 and the Undead'],220880,2015,False,,0.4920000000000001,0.649,0.314,0.0393,110.06
0UOEBggbvlOEpwICLf6gGQ,She Cried Like the Moon,['Sub 7 and the Undead'],321987,2015,False,,0.316,0.522,0.0116,0.23800000000000002,145.46200000000005
3A64iwpm8j8i2eupUFiXZi,Black Snow,['Sub 7 and the Undead'],149573,2015,False,,0.256,0.195,0.731,0.0948,64.873
7boHoRnakka3mNXXTOTDOj,Everywhere I Go,['Sub 7 and the Undead'],240200,2015,False,,0.648,0.6970000000000001,0.0339,0.441,110.006
5gnAX96vrU9WWgPVMuLSlf,Ain't No Grave,['Sub 7 and the Undead'],292813,2015,False,,0.344,0.802,0.00812,0.3,79.955
7J5nTjHNDdxtaPvBa5eMhm,Don't Cry for Me,['Sub 7 and the Undead'],243187,2015,False,,0.391,0.615,0.0375,0.125,110.309
0cmlXlxRIw8uRpeiNNFjlk,Damn Girl,['Sub 7 and the Undead'],256573,2015,False,,0.644,0.52,0.0009130000000000001,0.21100000000000002,88.04700000000004
3RzJEdQjwfFjW5Fv19nTpj,Watching and Waiting,['Sub 7 and the Undead'],305640,2015,False,,0.484,0.7020000000000001,0.17,0.135,170.058
7rLea2tDKouQNcDIn20Nbu,A Softer Side,['Sub 7 and the Undead'],440853,2015,False,,0.5589999999999999,0.7509999999999999,0.00424,0.11699999999999999,110.029
1fQJZI4ftl8xFjjPNhqAZr,Buried in Black,['Sub 7 and the Undead'],356120,2015,False,,0.46,0.47100000000000003,0.0119,0.0395,120.08
7joDPWWmvoqAU7PTZldwaO,Vengeance Is Mine,['Sub 7 and the Undead'],295000,2015,False,,0.268,0.904,5.3700000000000004e-05,0.249,159.71
2aMxx0BPL2E7svhBK89a83,A Song from Home (Alistair's Song),['Sub 7 and the Undead'],118893,2015,False,,0.223,0.54,0.153,0.20800000000000002,139.914
2KkXX4e0yDwPEDkaTfPqNP,747,['kent'],466227,2016,False,,0.52,0.7509999999999999,4.61e-05,0.204,102.598
1sTYDMGwj4oc3pJzngXPKN,79mc (feat. Kcutz),['pH10'],163827,2008,False,,0.604,0.835,8.209999999999999e-05,0.555,160.089
59oihbQ6zSqJ1QH1kZ7Mkz,76 West,['Chasman'],167019,2018,False,,0.63,0.8390000000000001,0.00601,0.556,109.292
7Hi7kwHso2b7hjWKoQ687N,Shattered,['7th Rail Crew'],180067,2002,False,,0.396,0.875,0.000819,0.35100000000000003,100.012
5oqNIOAn5VtZt42j0PY2JF,Unravel,['7th Rail Crew'],187080,2002,False,,0.424,0.943,0.000732,0.18899999999999997,107.78299999999999
4i0SIl3zQXSYMkb0FmIrBB,Scrapethrough,['7th Rail Crew'],199107,2002,False,,0.301,0.8490000000000001,0.000288,0.222,97.831
2q91dwa7MbDvCXmZElHa4F,Shell,['7th Rail Crew'],200507,2002,False,,0.3670000000000001,0.782,0.0111,0.3670000000000001,90.06299999999996
5ohoOcvXv0fWEeRboIWQz5,Superliar,['7th Rail Crew'],198640,2002,False,,0.44299999999999995,0.94,0.00271,0.153,104.825
3WJQr9Khr7hR2jzaxKhAWm,Existence,['7th Rail Crew'],165813,2002,False,,0.32,0.903,0.000732,0.359,107.229
0qjEmNaSOzuuTU69YCROYa,24-7,['7th Rail Crew'],165040,2002,False,,0.22,0.9520000000000001,0.00201,0.17300000000000001,198.231
3eKXsXfqqpOKEj6l8iLMGY,Sidewinder,['7 Minutes Dead'],406154,2013,False,,0.39799999999999996,0.767,0.113,0.255,130.009
0LXtE3GcSn8uQesLUrKN9C,The Follower,['7 Minutes Dead'],483840,2013,False,,0.617,0.922,0.27899999999999997,0.884,125.014
43Coc1tDlZtWOjKx02x9Hv,The Passing,['7 Minutes Dead'],491250,2013,False,,0.6509999999999999,0.871,0.109,0.0583,128.013
7gHXafM8HgpCmtXtcL0FZx,Free,['7 Minutes Dead'],367342,2013,False,,0.647,0.83,0.191,0.21899999999999997,131.969
3C6vY4kZc4C4f1Riq2J6m5,Sincere Spirtual Warfare,['Nyne-7'],185443,2016,True,,0.537,0.884,0.191,0.449,89.66799999999998
2Y2c2ZM0pLTdXor2lkWVUe,Sincere This Evening,['Nyne-7'],197856,2016,True,,0.539,0.5870000000000001,0.632,0.747,90.163
4yoFUupI4a2fVmJ6MorEtG,Sincere Cpu Love,['Nyne-7'],261094,2016,True,,0.44299999999999995,0.7,0.0194,0.632,123.98899999999999
4rrZAsSGMrkwJDq5Yt8W7w,Sincere Hustlas,['Nyne-7'],236277,2016,True,,0.7020000000000001,0.513,0.0964,0.35700000000000004,140.024
2EcWnY83IOChhAK07b4OLd,Sincere Love 2nite,['Nyne-7'],270289,2016,True,,0.79,0.447,0.7070000000000001,0.589,130.015
4HCAbIhnio3sz0XP2qXsX2,Sincere Love Always,['Nyne-7'],234083,2016,True,,0.7440000000000001,0.43,0.6,0.732,136.066
0vNTPhPzYnhIifGHxdzGIE,Sincere Lay Your Body Down,['Nyne-7'],309995,2016,True,,0.46,0.387,0.14,0.506,119.79799999999999
0wrArZTPmPvBqkB8O72UZI,Sincere Stay,['Nyne-7'],224392,2016,True,,0.698,0.597,0.565,0.479,121.991
0MGk77DOg1KorNLjqnzkX8,Loose,['Nyne-7'],290247,2016,True,,0.664,0.522,0.00797,0.4320000000000001,144.997
3pR08mDFPTZRUbfbI3BhvX,Sidewinder,['7 Minutes Dead'],406154,2013,False,,0.39799999999999996,0.767,0.113,0.255,130.009
5yaqdTedBOOLvDnWdYZYmp,Cantamar '72,['Clorofila'],278600,2001,False,,0.779,0.551,0.307,0.318,98.0
0XWFv9igP0pfzXBsGXN8Dq,Esta Tristeza Mia,['Alfa 7'],166827,2014,False,,0.623,0.45799999999999996,0.637,0.846,103.365
7Hxj2Ai0wdufWrtvvJ7MAX,Piece Of Blue Sky,['Cypher 7'],405173,2001,False,,0.292,0.0353,0.937,0.0371,155.918
3z48TdVBIihwh0XcDcj16I,Dream Spiral,['Cypher 7'],522733,2001,False,,0.23199999999999998,0.287,0.813,0.0363,141.889
5krO4Q4RLtJhwWakkYPOwg,Conspiracy Of Silence,['Cypher 7'],189760,2001,False,,0.4320000000000001,0.0632,0.973,0.0392,114.039
0NL70VDJWMU2bHH01eFmYv,Delayed Friend Request,['7 Minutes Dead'],365538,2013,False,,0.738,0.884,0.064,0.40700000000000003,129.971
06UPeoKH4CaSjnbvvQYHuD,Act III,['7 Minutes Dead'],221008,2013,False,,0.23399999999999999,0.9359999999999999,0.0808,0.225,194.955
5xX0k4G5h9OpmqUIBOxmPC,Peacock,['7 Minutes Dead'],316000,2014,False,,0.603,0.948,0.0656,0.8959999999999999,119.945
3Si931VZyWXyDBWnHISU39,Peacock - Haywyre Remix,"['7 Minutes Dead', 'Haywyre']",265167,2014,False,,0.8009999999999999,0.8740000000000001,0.0429,0.35600000000000004,104.98899999999999
0cESpIgYcfc3nJTTyPleU4,The Divide,['7 Minutes Dead'],287881,2015,False,,0.486,0.919,0.332,0.327,120.008
67Ejxvdk78JwlCDBXMDrsO,7oc Preston Time,['Boney Black'],226500,2015,True,,0.685,0.7140000000000001,0.385,0.531,94.979
5a2yGUOkbAMo71lu8lkQ7K,7.6.14 (Intro),['Grabbitz'],61712,2015,False,,0.177,0.129,0.652,0.0367,53.507
1zJQZFgWhgnoM1iPWsJq63,78 Notturno,['Banda Bassotti'],109573,1992,False,,0.204,0.695,5.05e-05,0.8,174.093
6KDUFBRme0t12piagzbRf8,Mirai Sekai Pt.1: Neo-Seoul,"['7 Minutes Dead', 'Varien']",216599,2014,False,,0.5529999999999999,0.899,0.00023999999999999998,0.0757,100.022
7tgqRZPTGfGdj5p1UwzhjB,Mirai Sekai Pt.2: Neo-Tokyo,"['7 Minutes Dead', 'Varien']",256002,2014,False,,0.5670000000000001,0.8290000000000001,0.00491,0.33,89.986
69GM8yiK14d9VwmHfEJha8,Mirai Sekai Pt.3: Aeon Metropolis,"['7 Minutes Dead', 'Varien']",235625,2014,False,,0.341,0.888,0.00548,0.0758,119.93
5HdIie0QQ5sqdrq2SRcP9X,Mirai Sekai Pt.4: Goodnight_Sequence,"['Varien', '7 Minutes Dead']",151691,2014,False,,0.168,0.495,0.139,0.0385,84.288
6GnoxbkPzqSFqvfXtosJ1W,Mirai Sekai - Continuous Mix,"['Varien', '7 Minutes Dead']",859916,2014,False,,0.322,0.8540000000000001,0.00391,0.0815,119.954
2n5fseMe1CNvPETJExk037,Ejército de Salvación,['Attaque 77'],268920,2007,False,,0.228,0.9640000000000001,0.000924,0.172,179.761
1JiKG47wsKUFSJwzmSkMwN,Cartonero,['Attaque 77'],192693,2007,False,,0.5,0.831,0.00718,0.813,169.87400000000005
1KMoLES5JtetpTUkqfNUfF,Monos,['Attaque 77'],162080,2007,False,,0.511,0.878,0.0236,0.5,144.909
6t58nilHF28RohzT6S4sJe,Buenos Aires en Llamas,['Attaque 77'],278333,2007,False,,0.546,0.8270000000000001,0.00466,0.85,130.004
1lmnpTMkqzAUm2QT1tfthi,Vórtice,['Attaque 77'],312440,2007,False,,0.38299999999999995,0.927,0.000462,0.5479999999999999,75.988
0zpMB05BiTwDiX6622vANY,Frente Al Espejo,['Attaque 77'],277213,2007,False,,0.345,0.7759999999999999,0.0019100000000000002,0.47200000000000003,180.15200000000002
1HDjptYHYDYDaOwkRMc53T,Juguete,['Attaque 77'],238747,2007,False,,0.321,0.948,0.000319,0.632,164.9
4qUybk6M5khzeEuj91wi8O,Horno!,['Attaque 77'],176507,2007,False,,0.655,0.867,0.0333,0.852,104.986
70kbSyWSROddlrWmuPhhQH,Fiebre De Sabado,['Attaque 77'],119893,2007,False,,0.47100000000000003,0.976,0.000908,0.513,109.914
7kdiuSlSuBmyuvMi8yHpN5,Plaza de Perros,['Attaque 77'],220720,2007,False,,0.40299999999999997,0.862,0.0049,0.525,139.889
7Kq2i5xF6Z6kdG2YTaTgzP,Matar Dragones,['Attaque 77'],218013,2007,False,,0.426,0.9129999999999999,0.00139,0.568,149.66299999999995
1yVedoWW9vB2vRqURfJSw1,Cíclope,['Attaque 77'],124640,2007,False,,0.462,0.96,0.0022600000000000003,0.48700000000000004,140.014
4kA9kvcmAb7JLdHm7maKvI,Karmagedón,['Attaque 77'],204133,2007,False,,0.376,0.892,0.00315,0.542,154.951
4ajUhI0SERtzZoGR12Onpe,Ciudad Vacía,['Attaque 77'],217560,2007,False,,0.469,0.909,0.00228,0.423,130.059
2iKVR47q2PFHTt6xPHyyq2,Antorcha,['Attaque 77'],228013,2007,False,,0.379,0.937,0.00233,0.27,150.054
1pwW34DfRiW08iFmUdpU9i,Sangre,['Attaque 77'],285787,2007,False,,0.301,0.6990000000000001,0.00898,0.204,79.782
5jU0mt57ZibD3Us55vMs9Y,Chance,['Attaque 77'],328747,2007,False,,0.41600000000000004,0.6679999999999999,0.0363,0.349,75.036
02RdrB9cx3xQpo9GFPKjlO,7 Theories In Human Nature,['Cypher'],386307,1999,False,,0.51,0.518,0.00057,0.22,120.04299999999999
7HqmK6Qek2MrT6gIDHnmfg,Blackwing,['7 Mary 3'],227533,2017,False,,0.615,0.41200000000000003,0.127,0.125,113.977
1Xh1Ez67CpFaX87ip7i3ta,7 Hours in Novi Sad,['yapa'],380027,2017,False,,0.585,0.562,0.27,0.23,117.02799999999999
3IdoOVdEuF5Gx5aMqHlvJD,Mirai Sekai Pt.3: Aeon Metropolis - Extended Mix,"['7 Minutes Dead', 'Varien']",315507,2014,False,,0.295,0.848,0.00339,0.0391,119.93299999999999
0bPxjYLLJXRlABO1SVwBZs,Sidewinder,['7 Minutes Dead'],406154,2013,False,,0.39799999999999996,0.767,0.113,0.255,130.009
0PtTOtEcRKwxSioDJ3BbI1,7ft Tall,['Urban5'],295075,2017,True,,0.685,0.728,0.0241,0.647,123.821
1HaWGPZw5zqpWTtTxNptsV,Intro 777,['Mexicano 777'],91840,2005,False,,0.5529999999999999,0.537,0.645,0.7340000000000001,89.926
4dRxaRFEi5frttN4thwHxl,Todo Mi Corillo,['Mexicano 777'],211267,2005,False,,0.639,0.589,0.0146,0.828,177.91
3PjBzE8E0Hc80XOARqcmOb,Traga 777 Remix,['Mexicano 777'],245920,2005,False,,0.6809999999999999,0.87,0.154,0.9229999999999999,95.016
0MPoPL6pYjyDdgRtJhmxs7,Madre No Llores,['Mexicano 777'],240107,2005,False,,0.534,0.892,0.0696,0.675,92.133
1y2SqSglPNRUPwMNwfTwPu,Pay Back (Nyce Guy),['Mexicano 777'],225760,2005,False,,0.8009999999999999,0.523,0.107,0.7509999999999999,90.031
4YVFHD89iVTzsdXHBnPVe8,Tu Papa,['Mexicano 777'],217787,2005,False,,0.78,0.9129999999999999,0.0773,0.9229999999999999,94.005
5d0fM9d49RcH8AGC3B3g3W,I'm a Murdera' (Como Tiemblan),['Mexicano 777'],252760,2005,False,,0.6890000000000001,0.7909999999999999,0.0137,0.5710000000000001,95.86
44YL2lt9wuIUdaXPRpCHMv,Guarani,['Mexicano 777'],207613,2005,False,,0.4920000000000001,0.736,0.0226,0.598,81.77
2IljHSguJwmWIxwo4DoOVh,Interlude,['Mexicano 777'],55000,2005,False,,0.4370000000000001,0.779,0.708,0.0575,113.594
6ruGtKrC0iRueODzNXM70q,Se Testigo Remix,['Mexicano 777'],217547,2005,False,,0.5870000000000001,0.855,0.0531,0.9209999999999999,87.941
5bGm1LPXAXrekXLjTRTvzF,Pa La Kalle,['Mexicano 777'],264507,2005,False,,0.7120000000000001,0.927,0.316,0.943,95.01100000000001
2k0Swd6oByPIFDohcb3i2o,Huellas En Mi Lozeta (Ven My Gial),['Mexicano 777'],263187,2005,False,,0.605,0.688,0.304,0.185,159.993
0NCcDmrxi8kbtnVDkfZUSo,High Surfing,['Mexicano 777'],318240,2005,False,,0.8059999999999999,0.44,0.192,0.6940000000000001,135.234
0RnscxzHwXZm2rgYCQGGcQ,Ira Callejera,['Mexicano 777'],265800,2005,False,,0.8,0.799,0.251,0.843,91.054
7131IpnGGzxhLKUDeYiAr4,Potranca,['Mexicano 777'],176413,2005,False,,0.695,0.7190000000000001,0.33799999999999997,0.633,167.16099999999997
5mYGrVwwm1ZXYUtuS7VYxw,Reina Solo Una (Entre Uds y Yo),['Mexicano 777'],234733,2005,False,,0.5710000000000001,0.8109999999999999,0.146,0.409,96.758
1ea6k5qDxpgDrRn8EIVroV,Dame Lo Que Tu Quieras,['Mexicano 777'],197627,2005,False,,0.797,0.899,0.33,0.738,89.98299999999998
4XX2n16n7te9SAJMMz3DLh,7 Feet Deep,['SMK'],211776,2019,True,,0.805,0.613,0.28800000000000003,0.865,81.03699999999998
4T5rbcUkLe9TrMwwaNdFuX,The Divide,['7 Minutes Dead'],287881,2015,False,,0.486,0.919,0.332,0.327,120.008
1AXEhaFbDXx4zmZlsbLvK6,70gr,['Gramm'],379000,2015,False,,0.8240000000000001,0.43799999999999994,0.485,0.505,112.074
6582NrFnpgA6Zai1pw7qjD,7 Months,['Sunshine State'],230680,2007,False,,0.815,0.56,0.31,0.754,95.023
3Kb3v9QcJXPG5Zdl5L9V2Y,Delayed Friend Request,['7 Minutes Dead'],365538,2013,False,,0.738,0.884,0.064,0.40700000000000003,129.971
0ey919whlLSELPSw6cItG6,71m3,['Flume'],80126,2019,False,,0.594,0.7120000000000001,0.0451,0.35,135.697
2KdLeh1blnLaXhwisFDkLi,7th Spirit,['Ainur'],402874,2013,False,,0.565,0.976,4.3e-05,0.15,134.99200000000002
6IUXUfBvelZ5FJucMoNLCy,70sCalling,['ackzz'],292500,2015,False,,0.797,0.8740000000000001,0.009770000000000001,0.22899999999999998,128.018
4pC3ChYcZpcG9IWKn2RNk3,Outside In,"[""Expo '70""]",180440,2007,False,,0.21899999999999997,0.158,0.9570000000000001,0.069,120.515
0ltTqDG6Af4RMY1M6pbsys,Mahogany Lake,"[""Expo '70""]",511453,2007,False,,0.254,0.115,0.927,0.0306,84.572
2eWQ76GrS5uslsYj7oAWI1,Eagle Talons,"[""Expo '70""]",446133,2007,False,,0.135,0.141,0.46399999999999997,0.0265,82.632
3OV8kDotxfASlE3BLi72LO,Universal Horizon,"[""Expo '70""]",347573,2007,False,,0.132,0.0162,0.7959999999999999,0.0313,70.347
538PrpEjPeKBPoCYbw4ur2,Missing Sun,"[""Expo '70""]",310427,2007,False,,0.461,0.309,0.55,0.0399,131.844
0xZDByfIEWu64gtDIu7yOF,700 por hora - Ao vivo,['Ludmilla'],174781,2019,False,,0.6829999999999999,0.764,0.5920000000000001,0.36,132.015
7zi03CCXQLfWZeFJCR038C,Miss Understood,['7 Year Bitch'],187333,2018,False,,0.474,0.809,0.0005200000000000001,0.664,109.124
5Zc3wwsCZ7UKAyZkCfTXaA,The History of My Future,['7 Year Bitch'],134467,2018,False,,0.264,0.8740000000000001,0.00038500000000000003,0.738,180.69400000000002
7qH2AaHO29sEfZ9Ekyo2qQ,Room #9,['24-7 Spyz'],278707,2018,False,,0.391,0.976,0.000185,0.204,138.326
1sSyrpsA86tdcUgcBZqOxY,Workin'4 Ur Love (Remix),['Cam24/7'],198788,2019,True,,0.77,0.86,0.0728,0.636,99.046
5t8X8PBUnqmvaNMjFcJseP,Equinox - Henrik Schwarz Remix,"['Code 718', 'Henrik Schwarz']",368467,2010,False,,0.764,0.705,0.0112,0.624,121.99799999999999
41opylie7RXedDZ5LFbZLF,Redux Rock - Redux,['Winchester 7 & the Runners'],198750,2019,False,,0.451,0.878,0.018000000000000002,0.499,144.033
7byDra0pevKL9EIjYgKpOm,Lucy Won't You Wait,['Winchester 7 & the Runners'],162250,2019,False,,0.54,0.8640000000000001,0.138,0.804,147.993
24mq6suda9F1o43VESkm28,If Ever You Should Fall,['Winchester 7 & the Runners'],209375,2019,False,,0.5670000000000001,0.77,0.00404,0.77,135.033
5B8xRVNSrj7MRBKwVfoY0u,Dance Little Dancer,['Winchester 7 & the Runners'],201500,2019,False,,0.706,0.505,0.264,0.583,137.984
4I2hi23Zs5MW4losjLpO1p,Every Single Time,['Winchester 7 & the Runners'],190250,2019,False,,0.775,0.68,0.601,0.514,125.975
7lmqieA73vUfQ3fwa1JF7T,Radio Astron,['Winchester 7 & the Runners'],234250,2019,False,,0.512,0.8190000000000001,0.191,0.674,143.99200000000005
4Q4UmLtv347O4K8Vh81Zda,In Shadows of Tomorrow,['Winchester 7 & the Runners'],273326,2019,False,,0.7240000000000001,0.598,0.41,0.491,118.01299999999999
3UMkqzqDA9YlIdjOb7lORg,I Don't Wanna Feel This Way,['Phillip 7'],242613,2009,False,,0.504,0.5579999999999999,0.177,0.439,177.90599999999995
73UtkvDFF7ffh46YXDqVy9,Miss Understood,['7 Year Bitch'],187333,2018,False,,0.474,0.809,0.0005200000000000001,0.664,109.124
4kuu2xJKUEpsV49gJmQXcI,Jack,['7 Year Bitch'],156400,2018,False,,0.272,0.877,9.27e-06,0.6659999999999999,155.54
0nleOLznMBmQSpzRF76TqB,Equinox - Henrik Schwarz Remix,"['Code 718', 'Henrik Schwarz']",368467,2015,False,,0.764,0.705,0.0112,0.624,121.99799999999999
2igWooAsZ36Kc7UjnfXMbl,Equinox - Henrik Schwarz Remix,"['Code 718', 'Henrik Schwarz']",368467,2008,False,,0.764,0.705,0.0112,0.624,121.99799999999999
6vvOS4cmtX2CqROgugxWdw,Equinox - Henrik Schwarz Dub,['Code 718'],429053,2008,False,,0.777,0.316,0.39899999999999997,0.772,121.99799999999999
3pDO2fuQrM1vlP7NH460le,Equinox - Heavenly Club Mix,['Code 718'],624880,2008,False,,0.7879999999999999,0.784,0.007240000000000002,0.768,119.04899999999999
7tGDtn4JZby8VXDyb92l5j,Equinox - The Concept,['Code 718'],363080,2008,False,,0.8029999999999999,0.8220000000000001,0.0251,0.619,130.001
04qPJqApOXEY8ORKBYxjOY,In The Beginning,['Letter 7'],118173,2008,False,,0.251,0.363,0.109,0.0396,83.48100000000002
3mFeCDHBcZkMOHaRN3AzRK,Runnin,['Letter 7'],294373,2008,False,,0.51,0.823,0.0179,0.387,120.14299999999999
020J9n9pMsClN7ECo89slH,Nail In The Cross,['Letter 7'],278973,2008,False,,0.337,0.943,0.00795,0.35700000000000004,155.112
3CJYVl7SKOwGWNDnZ6KzjK,Follow The Light,['Letter 7'],246867,2008,False,,0.485,0.9690000000000001,0.0010199999999999999,0.0386,120.06700000000001
3sxczx13GVBzhuUP8VNl1v,Send Me An Angel,['Letter 7'],265600,2008,False,,0.495,0.937,0.0117,0.24100000000000002,102.0
43cZM6z1MIYxPf5viRf6p7,Mystery,['Letter 7'],236333,2008,False,,0.29100000000000004,0.982,0.0092,0.18600000000000005,199.85299999999998
2zGMd5nqE1KadRbnlfih1Y,Lifeline,['Letter 7'],260613,2008,False,,0.474,0.534,0.214,0.301,90.03
6UA0pZvifmuxoXdatDFn7y,Laodicea,['Letter 7'],190573,2008,False,,0.439,0.9520000000000001,0.0017800000000000001,0.282,109.734
0JNyLJ7KQdIuIoeN79wp8B,Prayer Warriors,['Letter 7'],248747,2008,False,,0.418,0.903,0.0225,0.27,195.257
5k76UyjrLvRu1CIl6CXKdL,My Destiny,['Letter 7'],301307,2008,False,,0.5539999999999999,0.915,0.008029999999999999,0.431,119.99799999999999
4R9ss0UD1Sfe3us7ciWhqn,Liar,['Letter 7'],187547,2008,False,,0.485,0.894,0.0172,0.361,105.04299999999999
5R9lNB8FqGTOdYdoD0lMi4,Love Covers It All,['Letter 7'],303720,2008,False,,0.512,0.871,0.0416,0.319,120.09299999999999
1rhQBrQBw5L2ajPoRBi61Y,Keep It Up,['78 Edits'],438021,2018,False,,0.855,0.7559999999999999,0.146,0.446,102.012
139Y5JxfeKfNovArsZdtvN,Keep It Up,['78 Edits'],438021,2017,False,,0.855,0.7559999999999999,0.146,0.446,102.012
4xhvhlS3Fcekgzsppi3LvX,7-26-96,['Example'],189341,1997,True,,0.722,0.495,0.6459999999999999,0.723,87.479
1Xd3deY4gAFrbpGhxFQSln,7 Ways To Love (Extended Version),['B-boy'],341493,2014,False,,0.6409999999999999,0.892,0.00263,0.495,120.11399999999999
2TfZnsOUakw0AgrNulgySN,7 Days,['Stormcellar'],279360,2010,False,,0.374,0.401,0.17800000000000002,0.54,87.52600000000002
4GUbZxFTxsR2rrlItbBlcS,73,['Rationale'],190681,2018,False,,0.395,0.409,0.608,0.0643,83.118
2yLF4uk2HlT4lNjzlBMkpv,#7,['AroarA'],178039,2013,False,,0.545,0.546,0.9420000000000001,0.371,140.0
3NZp7SMm32djhHWl7FT23J,Cloudburst,['7and5'],318200,2014,False,,0.365,0.561,0.529,0.0381,119.993
6Pj9nKqnRKoEb7O9FGBMbA,Nightfall,['7and5'],230333,2014,False,,0.138,0.26899999999999996,0.613,0.0413,74.937
3TsQmrDnfs7KOfD7KcRyBO,13 Days,['7and5'],248187,2014,False,,0.615,0.43799999999999994,0.0349,0.0344,94.007
73azvPkEUR4VyrFPyLOC0N,Frozen,['7and5'],254960,2014,False,,0.424,0.135,0.8540000000000001,0.0887,74.988
2zAgkxwqYpTh5i0R4S9jIR,Passing Storms,['7and5'],253187,2014,False,,0.22699999999999998,0.34600000000000003,0.45399999999999996,0.0391,133.697
4F2n6S1XAlXCaJkbh0uoMB,November,['7and5'],195640,2014,False,,0.54,0.5760000000000001,0.807,0.355,91.99799999999999
62cncGvqJllmWpLghGxK5c,"No Moon, Fallen Stars",['7and5'],275680,2014,False,,0.5539999999999999,0.508,0.904,0.0951,128.028
6THDJJ2DPmjOg8HbKVGCZn,The Pulse of Rain,['7and5'],235640,2014,False,,0.5660000000000001,0.355,0.7440000000000001,0.336,124.976
7CgpefqJ1USUlGO9GylCsa,Flow,['7and5'],276120,2014,False,,0.195,0.131,0.904,0.0369,87.335
0x2oQGIxwyH5dWmPkxcMTO,Clear,['7and5'],250147,2014,False,,0.6890000000000001,0.532,0.285,0.6609999999999999,129.01
19wUZamuzI2wSjwelSSg5Z,Evolution,['7and5'],236227,2012,False,,0.5589999999999999,0.436,0.486,0.275,131.985
5Yar5NQ0Z2ECON1BUeobrY,A Is A,['7and5'],252413,2012,False,,0.608,0.325,0.18,0.389,129.945
3DnBKIlA5CbsAVUYAhdzWf,"See the Road, and Walk",['7and5'],291040,2012,False,,0.578,0.6,0.0192,0.506,124.027
1wyN74qyZl691rOMUzhidU,Oceans,['7and5'],245920,2012,False,,0.499,0.534,0.16,0.284,78.984
5RZVVODI08w89ekOdQzcPf,Taking Flight,['7and5'],320733,2012,False,,0.47200000000000003,0.43799999999999994,0.5,0.203,77.018
78PRPHR4JjgC16uOAHBb4h,Equality 7-2521,['7and5'],219120,2012,False,,0.5760000000000001,0.5579999999999999,0.8390000000000001,0.414,139.99
6IJfBEzHT5oxbLl3Vyz4fJ,Lifeline,['7and5'],292547,2012,False,,0.522,0.7509999999999999,0.185,0.369,149.984
6lGZirONmaEtqHMYoqivVI,Origins,['7and5'],204640,2012,False,,0.612,0.38299999999999995,0.0969,0.14800000000000002,87.995
0uuBcG12TMFOvg61THXD9m,Blue Tomorrow,['7and5'],259667,2012,False,,0.561,0.475,0.705,0.17600000000000002,120.99799999999999
2B2GOI7U0L2DgPo81JP0Lb,Sparkles,['7and5'],295867,2012,False,,0.491,0.711,0.0627,0.045,128.026
6zGqLrOeDLNqAgjr9bvNaR,7014,['ambinate'],164103,2016,False,,0.677,0.374,0.9229999999999999,0.568,117.029
0GU6SUQBZgroWGN2CEUYhO,7 Seas,['Cbdb'],376423,2015,False,,0.584,0.539,0.596,0.778,100.55
38DuXEUCaoFM0m0JBEKEJ2,Furia,['7UBO'],240335,2015,False,,0.634,0.97,0.00772,0.4320000000000001,123.98200000000001
3ZyTo6kNv71EW6AUEdvEAd,Without Chu,"['7 Minutes Dead', 'Emsi']",196731,2019,False,,0.6509999999999999,0.519,0.308,0.732,207.88099999999997
1xlfafINE20Ez6Xogo0zj5,Frutas Reprise,"['Qurfew', '7yr33']",173430,2019,True,,0.831,0.843,0.207,0.92,99.973
1NXYivZmDYVmHeDRwmAtJe,7 Years Old,['Matt Mason'],207888,2017,False,,0.48700000000000004,0.242,0.39399999999999996,0.172,109.86399999999999
0yQTEsHF9uQyWw1lvrPiRq,Warm Sound,"['Zero 7', 'Mozez']",329853,2019,False,,0.528,0.387,0.483,0.11900000000000001,121.771
0tiXsH1Z3frnoovK1Q9PH4,Home,"['Zero 7', 'Tina Dico']",276413,2019,False,,0.496,0.444,0.302,0.109,116.948
79ukOBJd2dunOUSO2F6Eo7,Somersault,"['Zero 7', 'Sia']",417453,2019,False,,0.27899999999999997,0.392,0.20199999999999999,0.179,146.775
0KMjbn9apgBm2S25ERldpI,Over Our Heads,"['Zero 7', 'Mozez']",267107,2019,False,,0.396,0.39899999999999997,0.046,0.087,78.954
0WucqrYzqfBnc7IAhMWgcQ,Passing By,"['Zero 7', 'Sophie Barker']",291760,2019,False,,0.5820000000000001,0.434,0.349,0.231,80.959
1yp20XbYDGIWsNN66T3lhP,When It Falls,['Zero 7'],330293,2019,False,,0.48100000000000004,0.386,0.779,0.138,76.907
0B5d9oeH82gzoaL1R4aCHR,The Space Between,"['Zero 7', 'Tina Dico']",361960,2019,False,,0.521,0.376,0.774,0.217,140.053
1qentQErBdsFgHshWJgCOm,Look Up,"['Zero 7', 'Yvonne John Lewis']",356853,2019,False,,0.303,0.73,0.00687,0.284,134.06
5lrYKJk3SpDVEcJFDFCFxK,In Time,"['Zero 7', 'Sophie Barker']",297160,2019,False,,0.611,0.33899999999999997,0.452,0.226,61.924
2CpWrHqPHzhyGqkjipjQzE,Speed Dial No. 2,"['Zero 7', 'Sia']",229093,2019,False,,0.39799999999999996,0.324,0.47,0.0559,82.964
2gvSxhx2BMmy32u1IiFah8,Morning Song,"['Zero 7', 'Mozez']",391013,2019,False,,0.305,0.4920000000000001,0.267,0.0632,98.78399999999999
3F0mJXFqFfOUJB4xwzo5me,Warm Sound - Radio Eins Acoustic Session,"['Zero 7', 'Mozez']",212040,2019,False,,0.609,0.13,0.907,0.19399999999999998,123.385
0ouik1f39jVESXnUZ1Hm02,Home - Radio Eins Acoustic Session,"['Zero 7', 'Tina Dico']",197533,2019,False,,0.469,0.0525,0.9390000000000001,0.183,118.527
0oIRLEqtLXbmOulAmK5quF,Somersault - Radio Eins Acoustic Session,"['Zero 7', 'Sia']",205520,2019,False,,0.44799999999999995,0.163,0.875,0.11599999999999999,106.656
5WrY8LsxTUI3cCbXoBE9Vo,In Time - Radio Eins Acoustic Session,"['Zero 7', 'Sophie Barker']",244907,2019,False,,0.605,0.0907,0.966,0.0774,119.37899999999999
4eZ6WC32VMqybHFWgSjBz6,Home - Alternative Mix,"['Zero 7', 'Tina Dico']",276693,2019,False,,0.565,0.541,0.777,0.3720000000000001,117.007
04HKMb2Wnwnpy8jByNk1jU,Light Blue Movers,['Zero 7'],329947,2019,False,,0.6,0.504,0.00575,0.203,99.863
1CnTHuFu7dTYlyaQfXqsbM,Somersault - Danger Mouse Remix,"['Zero 7', 'MF DOOM', 'Sia', 'Danger Mouse']",214160,2019,False,,0.706,0.623,0.267,0.365,86.01299999999998
2NTX7dmyIdShJHyvjzLLiE,Home - Stereolab Remix,"['Zero 7', 'Tina Dico', 'Stereolab']",410173,2019,False,,0.494,0.696,0.0665,0.14300000000000002,115.39299999999999
5icVQlXtSizRhUs7t8KLuC,Somersault - Reworked By Yam Who?,"['Zero 7', 'Sia', 'Yam Who?']",504667,2019,False,,0.7979999999999999,0.5660000000000001,0.175,0.498,97.99799999999999
7eTg22wEvfdBKjIkBxfVVT,Home - Motor City Drum Ensemble Remix,"['Zero 7', 'Tina Dico', 'Motor City Drum Ensemble']",615573,2019,False,,0.6920000000000001,0.7120000000000001,0.00034500000000000004,0.0424,117.006
0Xmikhf27W1qXFyFL73Xcp,7am Manhattan,['Varya'],147000,2015,False,,0.705,0.542,0.777,0.774,152.165
1D7HnRm10n01jUvgx6KvVs,777,['SALUKI'],195435,2019,True,,0.579,0.337,0.446,0.245,138.07
4omcrAszqxaYQtOjXZtGNE,777 (Power Brothers),['Geegun'],171429,2018,False,,0.765,0.573,0.563,0.174,139.931
2U1zAkQhgldihKvF9kFS46,7 Bis,['Automelodi'],239944,2019,False,,0.626,0.622,0.8759999999999999,0.961,135.028
5Xbirtcn2gfDXPlo5AA67k,Spyz in Da House,['24-7 Spyz'],212067,1996,False,,0.326,0.8959999999999999,5.3e-05,0.436,93.421
7eIn6FbFvE3lZvwnE1DyMs,Love and Peace,['24-7 Spyz'],202160,1996,False,,0.52,0.941,0.0013,0.515,131.856
2S7DQShaO7qP1i1ovfeLWT,Yeah X 3,['24-7 Spyz'],181867,1996,False,,0.379,0.91,0.000572,0.414,137.969
0Mm3Yu2RohMeTvXEHJkpVx,If I Could,['24-7 Spyz'],291933,1996,False,,0.321,0.81,7.6e-05,0.57,152.385
4iTpwzZ0rDqPAhcUZbxEn9,Burned,['24-7 Spyz'],204600,1996,False,,0.313,0.634,0.00179,0.26,171.09599999999998
6DiAbZ3AAgqYT9gewiB6uC,Simple Minded Simon,['24-7 Spyz'],290307,1996,False,,0.308,0.815,7.4e-05,0.462,172.416
4xvKjcpUp2XUmmsbeOLhVq,Eyes Don't Lie,['24-7 Spyz'],253827,1996,False,,0.42,0.6409999999999999,0.000521,0.6829999999999999,143.645
3u34e0yZSfcSKTFbzF3xti,Interlude,['24-7 Spyz'],82773,1996,False,,0.499,0.882,7.290000000000001e-05,0.7490000000000001,91.411
3cB7wZaZJFP57cilyRX00M,El Lame,['24-7 Spyz'],368400,1996,False,,0.45299999999999996,0.825,0.009729999999999999,0.738,87.49
1pyT7Nqx03IrBALRg4z5ZO,Earth & Sky,['24-7 Spyz'],244067,1996,False,,0.669,0.737,0.0851,0.727,132.618
4fzNsN3PxTobDHcKVHOObO,Free to Be,['24-7 Spyz'],322733,1996,False,,0.565,0.5670000000000001,0.0994,0.6759999999999999,96.655
24kqZtn1Yg0gUctYbDDZSn,Let Your Fancy Flow,['24-7 Spyz'],143960,1996,False,,0.529,0.785,0.0231,0.845,93.133
49m705bcQNBBMp39S7RlKh,Crushonya,['24-7 Spyz'],245640,1996,False,,0.345,0.828,0.00059,0.44799999999999995,145.92600000000004
4iZCBGxILwEubj9nrIZleN,No Hope for Niggaz,['24-7 Spyz'],255467,1996,False,,0.544,0.924,0.00179,0.654,99.374
7fc6jigOo9estwY3vAGxQN,Love for Sale,['24-7 Spyz'],247200,1996,False,,0.353,0.8809999999999999,0.000131,0.617,173.755
6MmWuyJUC7sFnmTjWeGRb5,Clique,['24-7 Spyz'],298627,1996,False,,0.484,0.907,0.000103,0.718,155.217
16l0nAVNYTcndMTAy5ucRm,Save the World,['24-7 Spyz'],209973,1996,False,,0.504,0.8390000000000001,0.000283,0.546,103.991
4yEC8knS7fJrR31wdBI7Ck,The History of My Future,['7 Year Bitch'],134467,2018,False,,0.264,0.8740000000000001,0.00038500000000000003,0.738,180.69400000000002
5pV2aflTbRxAyYEEJfRhi5,Oceanbound,['764-Hero'],227693,2002,False,,0.4370000000000001,0.9059999999999999,2.37e-05,0.6709999999999999,129.105
7Bs40gCRrL4XntQHdHTEOi,Photographic Evidence,['764-Hero'],243507,2002,False,,0.40700000000000003,0.662,0.000346,0.795,127.07
1f9DvrJE6lJxvDjCrrqQiI,The Long Arm of the Law,['764-Hero'],301093,2002,False,,0.504,0.499,0.0031899999999999997,0.24,132.464
1rJZdFkMNSDQKcynQO3TVC,Answers,['764-Hero'],351400,2002,False,,0.424,0.5429999999999999,0.00572,0.125,103.384
6orN2dZmh22UDHe9U0iZ26,Skylines,['764-Hero'],257840,2002,False,,0.449,0.408,0.0193,0.337,139.285
4PC5vSol9Qi6xQgmmqpSf9,You Were a Party,['764-Hero'],336493,2002,False,,0.44299999999999995,0.935,5.550000000000003e-05,0.518,127.916
56wzVtEQnsonufqr5mvcGh,Satellites,['764-Hero'],314467,2002,False,,0.33299999999999996,0.445,0.0030800000000000003,0.24,183.86700000000002
4qHlK9nQ2NZJPoJHJRmQvz,At the Surface,['764-Hero'],242507,2002,False,,0.431,0.688,0.000363,0.336,95.333
2n7DMBc9ea3rMzJ2tcId1e,Confetti Confessional,['764-Hero'],398827,2002,False,,0.228,0.696,4.95e-05,0.435,189.888
1eODjYfoMO4iMhQNEKlfl3,Shoot a 45,['764-Hero'],211907,2002,False,,0.607,0.254,0.528,0.4270000000000001,66.85300000000001
6oNg4lVV6F6pjKz3dFDD9n,7 2018.5.23llrec11.29.50,['Ayankoko'],88750,2019,False,,0.222,0.919,0.389,0.0387,171.19299999999996
5C5eyhu2nkBgzEkDHtGxbg,777 - Bonus Track,['ZibraZibra'],123205,2013,False,,0.591,0.758,0.0146,0.381,137.055
3yfGWzw9FosZkTU3zyrkJC,7% Grind,['FistFuck'],108533,2011,True,,0.312,0.968,2.88e-06,0.0696,101.411
69WdrTkOEk7fZDjZxeqrq8,The Expanse - Extended Mix,['Zyrus 7'],363913,2019,False,,0.505,0.987,0.00045599999999999997,0.187,138.013
0Hhc7K37F20Gh44BFTEYtt,About the Future - Extended Mix,['Zyrus 7'],454000,2019,False,,0.626,0.873,0.00315,0.0779,137.997
0nupuMbTTb8v8RCUugBb2p,The Ambush - Extended Mix,['Zyrus 7'],387428,2019,False,,0.361,0.977,0.00644,0.0702,139.968
0JPckSgQybw9wReibExCac,Break the Chains,['24-7 Spyz'],248240,2017,False,,0.304,0.805,0.008740000000000001,0.5660000000000001,174.639
4uaLCoTS7JAdvdlRM585eQ,"Victim - 7""",['Vapid'],92240,2008,False,,0.516,0.728,0.00022999999999999998,0.583,165.828
3nqPgyKXZtBTWN1wVu5G0C,Last Call,['24-7 Spyz'],286933,2019,False,,0.41600000000000004,0.865,0.015,0.371,131.64600000000002
3YvGRNnxbBpAfhsZlUraKf,Cry,['Sector 7G'],192737,2012,False,,0.6629999999999999,0.795,0.585,0.353,85.01700000000002
0IlyXrr05HZyaWpWBJUpTi,Elements & Arguments,['Sector 7G'],156693,2012,False,,0.684,0.841,0.0112,0.664,89.98
5yHvvPKXzpGHh36oKaqzaG,Dead In The Heart,['Sector 7G'],167613,2012,False,,0.598,0.545,0.008740000000000001,0.125,160.05200000000005
6K9SQ8FWQ5Ru1cuGUZXAIc,Cheap Death,['Sector 7G'],190000,2012,False,,0.685,0.644,0.000145,0.601,101.916
1TAATwdancTCy7pOVmVEQM,We Should Take A Break,['Sector 7G'],163427,2012,False,,0.655,0.971,0.0145,0.198,100.03299999999999
6mX8iHiwTIIT0rmlWljZH4,Voodoo Doll,['Sector 7G'],133413,2012,False,,0.601,0.9129999999999999,0.000413,0.21600000000000005,95.03399999999999
1eqzsjacboyVfOrJXvG5Qv,Staples,['Sector 7G'],167053,2012,False,,0.664,0.7879999999999999,0.0035299999999999997,0.0392,127.867
5k0HIgLdfObVuMM1afD8Pk,Imagery,['Sector 7G'],182593,2012,False,,0.579,0.897,0.0621,0.611,159.866
7pesdiKnStU2dFO7cPjtaS,Shoot To Kill,['Sector 7G'],178760,2012,False,,0.511,0.934,0.179,0.287,130.084
5TKQapij7fhjTfE0KRETwi,Self Help,['Sector 7G'],93867,2012,False,,0.768,0.8740000000000001,0.039,0.226,115.066
5g9pC3J3Whdc4a7RTiI6Tu,Better Than(Inst),['Sector 7G'],83979,2012,False,,0.48700000000000004,0.655,6.17e-05,0.0878,170.347
6izoMBHlbwxDvQHCMRnIoc,Hipster Replacement Surgery,['Sector 7G'],195173,2012,False,,0.738,0.789,0.188,0.8109999999999999,85.057
76GrRV8NhTjLtLf0PN3TRO,Acidic Kisses,['Sector 7G'],99827,2012,False,,0.76,0.789,0.444,0.299,107.949
3kjgssPuGll8Gbi1GsZ4dc,Slow Dance,['Sector 7G'],210240,2012,False,,0.634,0.863,0.000936,0.276,83.007
5X0bxX2FrfvvBoqo8TIZ5z,Love Letter,['Sector 7G'],159074,2012,False,,0.69,0.599,0.0593,0.603,170.09
3IHATMsOYhEakQZcpGsrIV,Misery,['Sector 7G'],216920,2012,False,,0.45899999999999996,0.88,0.00023199999999999997,0.418,85.036
1wQzBi3Q1jPAxl5twgUrJ4,Dreamo Kids,"['Sector 7G', 'Kristoff Krane (Abzorbr)', 'Eyedea (Rhymesayers)', 'David Mars']",125213,2007,False,,0.607,0.757,0.499,0.878,74.491
2kZSXW8PaGbhVfPnFezevm,Between Escape & Extinct,"['Sector 7G', 'Kristoff Krane (Abzorbr)', 'Eyedea (Rhymesayers)', 'David Mars']",167587,2007,False,,0.726,0.838,0.158,0.644,85.985
26tGIhFwQ31FDLHjPYRjGY,Learn to Swim,"['Sector 7G', 'Kristoff Krane (Abzorbr)', 'Eyedea (Rhymesayers)', 'David Mars']",154173,2007,False,,0.9009999999999999,0.833,0.0739,0.8759999999999999,119.986
0kkFlGlPBMJZ27fedUUHfk,When the Knife Meets the Rope,"['Sector 7G', 'Kristoff Krane (Abzorbr)', 'Eyedea (Rhymesayers)', 'David Mars']",160627,2007,False,,0.765,0.616,0.0287,0.635,95.96600000000001
1BIkyyDVse02Y7SD58Mh1k,"Wick, Wax, Drip, Dead","['Sector 7G', 'Kristoff Krane (Abzorbr)', 'Eyedea (Rhymesayers)', 'David Mars']",199707,2007,False,,0.7490000000000001,0.884,0.00555,0.445,99.98
0cStVhLNWMhEaFzVwyofNH,Man in a Box,"['Sector 7G', 'Kristoff Krane (Abzorbr)', 'Eyedea (Rhymesayers)', 'David Mars']",267267,2007,False,,0.8690000000000001,0.665,0.0232,0.909,90.01100000000002
6ffZwVLi4wJ16IiRHLvqcX,Mutual,"['Sector 7G', 'David Mars', 'Kristoff Krane (Abzorbr)', 'Eyedea (Rhymesayers)']",165600,2007,False,,0.773,0.547,0.425,0.22,99.99799999999999
11juqNEVKYUmwkyYKRkRN0,The Day I Sang the Rain Away,"['Sector 7G', 'Kristoff Krane (Abzorbr)', 'Eyedea (Rhymesayers)', 'David Mars']",201307,2007,False,,0.728,0.831,0.368,0.452,115.934
7kJfM97Bj9e5cyWRAcOp1x,Serving Life by the Slice,"['Sector 7G', 'Kristoff Krane (Abzorbr)', 'Eyedea (Rhymesayers)', 'David Mars']",184000,2007,False,,0.725,0.841,0.515,0.244,120.03200000000001
0P4IhHetymCGYfGIJHwABk,Rhythm of Humanity,"['Sector 7G', 'Kristoff Krane (Abzorbr)', 'Eyedea (Rhymesayers)', 'David Mars']",146427,2007,False,,0.687,0.812,0.0455,0.872,89.955
32940MlDNE3lv3JCyh4Xxp,Balloons,"['Sector 7G', 'Kristoff Krane (Abzorbr)']",206693,2007,False,,0.596,0.951,0.0223,0.495,96.042
0Z3kvXUjW0IBLHcbikxfec,Fences,"['Sector 7G', 'Kristoff Krane (Abzorbr)', 'Eyedea (Rhymesayers)', 'David Mars']",215147,2007,False,,0.63,0.8220000000000001,0.0925,0.40299999999999997,138.179
7BZBMM3J5BifeGtv0iAMOr,Thanks But No thanks,"['Sector 7G', 'Feat. Eyedea', 'Kristoff Krane (Abzorbr)', 'Eyedea (Rhymesayers)', 'David Mars']",157080,2007,False,,0.742,0.9229999999999999,0.0422,0.5,100.065
7vnMZabovZiCxFcy7m8KJB,The Tone of Concern,"['Sector 7G', 'Kristoff Krane (Abzorbr)', 'Eyedea (Rhymesayers)', 'David Mars']",208667,2007,False,,0.795,0.465,0.0398,0.409,88.041
7xI7oaIEdKDHa5XJz3QAiI,Crooked Ace,"['Sector 7G', 'Kristoff Krane (Abzorbr)', 'Eyedea (Rhymesayers)', 'David Mars']",145907,2007,False,,0.6629999999999999,0.934,0.0108,0.5820000000000001,94.99
7a0UKjzLL6YzaMAGlOzfmm,This is Not Me,"['Sector 7G', 'Kristoff Krane (Abzorbr)', 'Eyedea (Rhymesayers)', 'David Mars']",214733,2007,False,,0.632,0.5760000000000001,0.046,0.318,76.786
6Wprwp9ztU0P5gacgSeVJ0,sec 7 theme,['Sector 7G'],101000,2004,False,,0.5870000000000001,0.9670000000000001,0.0621,0.8959999999999999,90.071
42ine1QpDTSFpG5GOh4GsM,boom!,['Sector 7G'],228013,2004,False,,0.56,0.87,0.16399999999999998,0.8690000000000001,99.12799999999999
5gXmCyEWxDPFsVnOytLIe7,the message,['Sector 7G'],139200,2004,False,,0.7090000000000001,0.934,0.359,0.833,100.064
7EBczXVIxFf4dedA6V9Qgb,where'd the day go,['Sector 7G'],229560,2004,False,,0.7859999999999999,0.841,0.371,0.893,91.928
4e7Ut5ulacdx6wx0Y5zrX8,they're song,['Sector 7G'],222547,2004,False,,0.67,0.826,0.38799999999999996,0.331,92.53299999999999
37XITydFg5bUGPjoL6vK7V,"intervention- featuring..chuck u, nomad, ecid",['Sector 7G'],255453,2004,False,,0.373,0.937,0.145,0.961,199.86
0SCZnjhFQuMvHs5kZHyb9k,a quick heads up,['Sector 7G'],129160,2004,False,,0.649,0.995,0.581,0.449,94.803
4QzUQzbdgMZnTmOiLKCgM8,reaching recognition,['Sector 7G'],208947,2004,False,,0.662,0.746,0.26,0.86,84.265
7jr1EK7G9RYw9tcdm5lTcI,smoke break,['Sector 7G'],52947,2004,False,,0.501,0.9990000000000001,0.586,0.52,98.39200000000001
1eUe4g4jHZxtrogcLfMnRx,jason hates me,['Sector 7G'],141827,2004,False,,0.867,0.81,0.29600000000000004,0.858,90.031
73B3iT59U9WNKrxyZhtncO,thug a'doe,['Sector 7G'],200680,2004,False,,0.654,0.835,0.0265,0.8490000000000001,194.268
6JLve9GTK4ZDbGgI4Wmqf5,LIFE- featuring...ecid,['Sector 7G'],251080,2004,False,,0.5820000000000001,0.943,0.545,0.7170000000000001,176.11900000000003
0eKWHfhE8Iid5VRCGLumaV,no pun intended- featuring...nomad,['Sector 7G'],215173,2004,False,,0.629,0.701,0.415,0.9209999999999999,87.35
4b6Pyjzj8dQ32YIx0JBUmr,navigational skill,['Sector 7G'],261667,2004,False,,0.753,0.86,0.195,0.9329999999999999,90.035
6eVzeeVQvesYnnRRlFyCns,ラッキー7,['Flower'],194920,2015,False,,0.674,0.914,0.016,0.778,93.00299999999999
1oMWgAb7vJZtLYLvopXgLG,Somersault,"['Zero 7', 'Sia']",223827,2004,False,,0.473,0.47600000000000003,0.0469,0.17600000000000002,97.883
5Qd1eCnN8ZKImibMYmQjSI,Somersault - Reworked by Yam Who,"['Zero 7', 'Sia', 'Yam Who?']",503200,2004,False,,0.8009999999999999,0.5720000000000001,0.17,0.498,98.00299999999999
6jqRTXPzC4AxmQosOl2ua6,Somersault - Danger Mouse Remix,"['Zero 7', 'Sia', 'Danger Mouse', 'MF DOOM']",218560,2004,False,,0.708,0.621,0.261,0.341,85.99600000000002
0Y2s0atn3MKABpVSxoWRxN,707 Representatives,['Mally Massacre'],224427,2006,False,,0.589,0.815,0.606,0.556,84.29700000000003
7rOcHRdCDw9RNQzR5KXWrt,"Tick, Tick, Tick",['24-7 Spyz'],82267,2017,False,,0.653,0.884,0.000136,0.738,97.821
4StHPepuN6oZBABgCgPHeY,Kundalini,['7j2music'],276409,2020,True,,0.79,0.682,0.0272,0.23399999999999999,130.128
3eYb6en1o1E5atJmewU3ZV,Come to the light,['7j2music'],253727,2020,True,,0.726,0.634,0.00962,0.395,85.01
0LH8dJQvPrZC8X3hV9OWt3,Everyday,['7j2music'],169064,2020,True,,0.889,0.48200000000000004,0.107,0.161,127.007
2uRrsRgrxKHa8AWaND9dKL,Good Vibes,['7j2music'],256021,2020,True,,0.67,0.522,0.0403,0.0751,90.145
1aulI5mBjt6Nu08EgrWG5n,Oklahoma Nights,['7j2music'],206364,2020,False,,0.93,0.485,0.0307,0.47,121.022
6A50Etzqg1Fz30JsdH3VSG,The Astral Plane (Freestyle 0313),['7j2music'],250233,2020,True,,0.8029999999999999,0.40700000000000003,0.259,0.175,93.98700000000001
4OZGtDMnBMgcyxgEHEMcfF,Deep Pockets,['7j2music'],156821,2020,True,,0.8490000000000001,0.512,0.146,0.696,91.99
2IsUrwZrsi3URQCaplAira,CALM DOWN,"['7j2music', 'June B', 'IGP MAN']",197058,2020,True,,0.91,0.536,0.00386,0.41600000000000004,106.037
1pXjxHVMSreWHiB1Kz9sKL,Type 9,"['7j2music', 'Young Barid', 'The Godzilla 405']",215144,2020,True,,0.9129999999999999,0.531,0.0238,0.513,94.022
6uZRCk1GDveNuoTssvOqTC,SCARY,['7j2music'],240080,2020,True,,0.799,0.621,0.5429999999999999,0.0719,93.006
5NkJYX1Ac0ZabttBzNIP76,You Scared,"['7j2music', 'Kahlifa King Crip', 'The Godzilla 405', 'Young Barid']",215902,2020,True,,0.687,0.5579999999999999,0.0244,0.418,80.083
4Z2GrS0MPI2Mj0zs5owms2,Role Models,['7j2music'],188527,2020,True,,0.877,0.402,0.013999999999999999,0.23,139.95
3pdmlca5Ou6sEZj6MIhysW,Lucy In The Kitchen,['7j2music'],116271,2020,True,,0.74,0.743,0.0389,0.7440000000000001,140.118
2yuSRsGy78DKgm4R32x3pO,You Fake,['7j2music'],208846,2020,True,,0.892,0.547,0.0281,0.48100000000000004,98.992
0YzyNUlfFNTKKhkUiOpyyK,Darkness,['7j2music'],243566,2020,True,,0.6509999999999999,0.809,0.344,0.457,84.99799999999998
2Kl4ZmmbBXrEpOelzlyuZF,Aurora,['Zyrus 7'],413913,2018,False,,0.535,0.9420000000000001,0.00115,0.204,138.012
0dYzyCPJ5iicepO0eSpwFy,Lost in Space,['Zyrus 7'],471304,2018,False,,0.6459999999999999,0.873,0.017,0.177,138.0
7rAigYU6GRDrcXi9OZSVzg,7 Towers - Audiotree Live Version,['Yowler'],159504,2017,False,,0.431,0.14400000000000002,0.922,0.0722,107.337
67i1vV4EdD6ViauzDXXNb8,7 Towers,['Yowler'],179630,2015,False,,0.35200000000000004,0.19399999999999998,0.96,0.154,105.95700000000001
6ZLIPIvWQr84jXwalhKtCU,7th Heaven,['Blockhead'],124520,2020,False,,0.6859999999999999,0.61,0.145,0.807,120.01100000000001
3iDqFNdTxcxKTMAjRXFDpJ,Intro,['Letter 7'],34493,2007,False,,0.214,0.16,0.6709999999999999,0.10300000000000001,67.14
2YHMI5HCaowSolmfwPGXLZ,OCS,['Letter 7'],241427,2007,False,,0.507,0.93,0.00025499999999999996,0.71,92.48899999999999
1IxuDjlRWgzuAE3meXZkeD,Salt Of The Earth,['Letter 7'],300120,2007,False,,0.45799999999999996,0.89,0.00542,0.426,135.036
1cfSO0BtddYHGA2SLWmPWI,Fear No Evil,['Letter 7'],355507,2007,False,,0.494,0.718,0.0031100000000000004,0.18899999999999997,98.10600000000001
35LiHKOMlMVDd0bxVwQ6JE,First Love,['Letter 7'],294400,2007,False,,0.494,0.645,0.0378,0.284,75.27199999999998
3tYR0wuraw5YU3cVnm6Vuq,Great I Am,['Letter 7'],222560,2007,False,,0.508,0.907,0.00018,0.5539999999999999,110.20200000000001
2P0LPnbQ9oWUIrTHVnpaiw,Almost Home,['Letter 7'],295760,2007,False,,0.47100000000000003,0.78,0.0119,0.478,95.16799999999999
6JV3jlM76eYD4POuDhVj8C,Judgement Day,['Letter 7'],228680,2007,False,,0.46399999999999997,0.948,0.00036,0.5920000000000001,119.661
6rHWQfM5Hd8XkQMDgmHHdV,Stand On The Rock,['Letter 7'],280067,2007,False,,0.391,0.951,0.00252,0.37799999999999995,159.407
3qrOHdnWh4SRtKCrLdRzCV,Reign Comes Down,['Letter 7'],293827,2007,False,,0.552,0.794,0.000136,0.893,90.039
1YqygMtSq4AeqhzCTuqm8o,Seek First,['Letter 7'],269720,2007,False,,0.669,0.43799999999999994,0.0383,0.415,59.997
5juX1o3DGWLIjMNXBcEIeg,Tribulation Saints,['Letter 7'],275720,2014,False,,0.519,0.8959999999999999,0.00223,0.308,99.96
4FftF65mxT6VBw2V5JqvS1,Dont Fall Away,['Letter 7'],292093,2014,False,,0.434,0.909,0.00298,0.396,129.78
0qzTgiddvFafy0JG60z4DR,Holy Holy,['Letter 7'],217120,2014,False,,0.38799999999999996,0.927,0.00217,0.302,134.982
10Vkquv90MsKRfNelWY9NJ,Treasure In The Field,['Letter 7'],54387,2014,False,,0.29,0.439,0.541,0.7240000000000001,104.4
2ZveYs7kkLDpRknauNkAPc,Trust,['Letter 7'],286333,2014,False,,0.303,0.8540000000000001,0.0009609999999999999,0.38299999999999995,200.248
2GhXcZB0m0ikQPMHhopBDU,Children Of Light,['Letter 7'],278160,2014,False,,0.544,0.922,0.00893,0.38299999999999995,95.012
34vRcfLV6oNuiGmPzrAsmA,Trial By Fire,['Letter 7'],234947,2014,False,,0.522,0.9329999999999999,0.00028399999999999996,0.221,104.94
5IG4b624aBFQGwHkrZR5bc,Archangel,['Letter 7'],253707,2014,False,,0.419,0.951,6.65e-05,0.401,120.008
4XPTPtEIbB7pZnGir3ubFs,Surrender,['Letter 7'],271080,2014,False,,0.175,0.879,0.002,0.285,184.885
3XLA5NOnmnSCXYpMnrJRW0,New Creation,['Letter 7'],279720,2014,False,,0.475,0.805,0.009040000000000001,0.218,87.53299999999999
3YM2gf9FT3xNV3YgZMJJlv,Heartbreak,['Letter 7'],238200,2014,False,,0.444,0.9390000000000001,0.0025800000000000003,0.375,109.965
0RQV0TZv8zhUyYaxSVIlxH,70-80% of Sightings Are Real,['Thrashquatch'],195973,2013,True,,0.355,0.993,4.7499999999999996e-05,0.182,153.688
1Bd5Yy6OfOJDBRgw9WsimQ,7-2,['MisterWives'],176600,2020,False,,0.522,0.745,0.0144,0.4970000000000001,81.08800000000002
6RbprPji6ML6JwDv98BeYM,7:00 AM,['Tennyson'],177540,2015,False,,0.799,0.45899999999999996,0.0418,0.41700000000000004,106.515
6ADFPTlCU1aRMaY5TwRLi3,7.1 Shake,['Speak'],185800,2020,True,,0.807,0.58,0.195,0.59,127.055
1wyc0bKcdn5rmRJnKM8EuQ,Placebo,['Probe 7'],307471,2019,False,,0.6509999999999999,0.873,0.035,0.33799999999999997,119.973
1zS3JkIo1X9EH5tubecxys,Falling into Darkness,['Probe 7'],274236,2019,False,,0.633,0.813,0.493,0.456,120.005
5c1wHQ32I1LWb6fP5db924,Strange Angels,['Probe 7'],288834,2019,False,,0.66,0.47,0.8059999999999999,0.17600000000000002,119.971
6LMneIpbPjzWJNn3tqZl7V,No Words,['Probe 7'],286163,2019,False,,0.598,0.9440000000000001,0.00656,0.715,123.0
1rQ9JXEEv9An2UngTeTtyB,Beautiful Waste of Time,['Probe 7'],313937,2019,False,,0.633,0.81,0.262,0.175,119.971
2cKj634eHdJ3V0HLhyiylx,In Your Blood (Pathogen Version),['Probe 7'],205824,2019,False,,0.531,0.5329999999999999,0.652,0.105,75.009
1iyk43F7lXB5nLxSygpwpM,Drowning (Submerged Version),['Probe 7'],273419,2019,False,,0.639,0.86,0.387,0.57,109.986
7zfpzjejiIWk9iyGhi1FWl,Sex on the Dance Floor (Hardwire Version),['Probe 7'],282919,2019,False,,0.7240000000000001,0.785,0.0445,0.401,120.00399999999999
4m6lPEKOynmEFXVvv8W6b4,Getting Closer,['Probe 7'],268385,2019,False,,0.684,0.8240000000000001,0.159,0.489,124.954
4EtZozE5ycIfCds4tx87PJ,One Last Dance,['Probe 7'],261641,2019,False,,0.6890000000000001,0.8590000000000001,0.00859,0.74,124.971
5sfLfKtJh8NLJxofrwyPxF,Creep,['Probe 7'],290508,2019,False,,0.647,0.9,0.0622,0.22399999999999998,115.01100000000001
38iL4uxgEZ95QyN7DMKmLG,74th Highlanders' Farewell To Edinburgh / The Cup Of Tea,['Battlefield Band'],155493,1994,False,,0.149,0.43,0.615,0.21100000000000002,82.867
6bZZ4gsFbJRBy0U15Kn7yv,Take It Like a Man - 7th Heaven Mix,"['Cher', '7th Heaven']",472413,2013,False,,0.6829999999999999,0.728,0.0030800000000000003,0.7340000000000001,130.026
6ufExlNRCKOzEGRv5ZY4dr,Take It Like a Man - 7th Heaven Edit,"['Cher', '7th Heaven']",281747,2013,False,,0.648,0.9279999999999999,0.0196,0.691,130.02
2775O196Hq68lyF3yF7eZ9,793,['Varg'],255000,2020,False,,0.39899999999999997,0.992,0.000297,0.10400000000000001,180.813
6H167kbd8gY2Eewzf14YjD,777,['Joji'],181772,2020,False,,0.574,0.604,0.268,0.18100000000000002,179.636
7b2elHA9vOwpckUKm8SMyR,777,['Joji'],181772,2020,False,,0.574,0.604,0.268,0.18100000000000002,179.636
48JqtNmyU08XfXubXeunzt,718,['Indigo'],126485,2020,True,,0.925,0.622,0.0288,0.131,99.493
3RGmOpmvrJ8AZKYMedvlZk,7/4,['Pasosh'],293052,2019,False,,0.36,0.7190000000000001,0.00161,0.5820000000000001,156.635
17BybsRVHf2uaI0AjYCkYc,7. Sam Cries (Interlude),['Boof Bois'],26082,2020,False,,0.496,0.475,0.594,0.35,107.634
3DsN6Sl472DVLrrEnacY5y,7th Avenue,['Ratt'],190893,1986,False,,0.625,0.922,0.007390000000000002,0.39799999999999996,100.024
4Suc8YtIBZBw6p68HmeStM,7:04 AM,['DRAMA'],167872,2020,False,,0.752,0.342,0.413,0.0388,93.992
4KN31DHChIh0xVKS72spdl,The Power (feat. Cheesa),"['District 78', 'Cheesa']",250831,2013,False,,0.6759999999999999,0.922,0.00134,0.364,109.024
2Dd3DRG1xY5EyLvQOVzNtS,Heat of the Moment (Extended Heat),['After 7'],418378,2019,False,,0.75,0.655,0.0056700000000000006,0.857,100.999
28DCnPqDsvLUuM07vS7KSR,Can't Stop (Extended Fun Mix),['After 7'],368537,2019,False,,0.815,0.589,0.0269,0.591,96.73200000000001
2m5CJEo9CUOBXuRWbe2CTC,Lose Them Blues,['Winchester 7 & the Runners'],245954,2019,False,,0.527,0.8540000000000001,0.0206,0.585,140.02
2alo7vfc8hBpu7WC3oOVPM,Jackpot Baby,['Winchester 7 & the Runners'],202299,2019,False,,0.389,0.914,0.00268,0.457,150.092
3ghWHdHuM6lw2byDL5dTP9,Seems Like Yesterday (Mockingbird),['Winchester 7 & the Runners'],140749,2019,False,,0.857,0.414,0.8859999999999999,0.52,128.06
4PaOqC7TdIn8v20PC02FAz,Unplug My Mind,['Winchester 7 & the Runners'],239755,2019,False,,0.601,0.784,0.11699999999999999,0.247,147.064
37ruBtc5tfXCpje76Cichh,Roll On,['Winchester 7 & the Runners'],167229,2019,False,,0.687,0.541,0.168,0.5720000000000001,130.082
0f7JF0le0EXnGp4EE9w5OL,When She Drives,['Winchester 7 & the Runners'],170878,2019,False,,0.506,0.657,0.294,0.516,99.789
2CukVFwSZw5QQCk8cs0GH0,Cherry Cheesecake,['Winchester 7 & the Runners'],159814,2019,False,,0.578,0.841,0.0024,0.598,135.325
4Pzm22396xtDcMn7CWzrig,73 Mm,['Txapelpunk'],102653,2018,False,,0.451,0.54,0.775,0.8190000000000001,102.244
4ng79JwmiJq6oMi5DwZnxZ,(773) 509-8000,['Binary'],67845,2018,False,,0.18,0.925,0.000779,0.6459999999999999,90.47
3liyfoWLPgM73ApXywIh6m,Making History (feat. Cheesa),"['District 78', 'Cheesa']",225331,2014,False,,0.606,0.856,0.0206,0.621,128.002
0NZIlMkS7ADtDyL1V4JBvr,Shy Boy (Dance-Off Mix),['District 78'],131568,2014,False,,0.59,0.818,0.397,0.40399999999999997,115.00299999999999
7rsr9MKw2vqiJLUZdXsgeu,Für Elise,['District 78'],135143,2014,False,,0.6829999999999999,0.6890000000000001,0.00594,0.9490000000000001,139.96200000000002
5tRjVHcMLLIy72szUgOIfK,Game On (Dance-Off Mix),['District 78'],124025,2014,False,,0.624,0.9259999999999999,0.00145,0.19,140.009
1Bgj8Nn9iBnYEiGYr3ZZTt,Battle for the Beat (Dance-Off Mix),['District 78'],134267,2014,False,,0.63,0.877,0.00922,0.297,137.049
7HsILv9ApL8nDhuPJwMigi,Shy Boy (Symphonic Mix),['District 78'],174153,2014,False,,0.515,0.691,0.602,0.637,115.022
5dJQH8pcvYNiXrhKBkXB5m,Intro/Wzn#2,['75 Dollar Bill'],201573,2014,False,,0.308,0.9129999999999999,0.0548,0.39899999999999997,175.388
2vqOKdR9If4wwC7TSHcAip,Box-Altos,['75 Dollar Bill'],62937,2014,False,,0.722,0.221,0.516,0.639,121.325
0Ag8h05PSDPayo9cSTC00G,Intro (Cont'd),['75 Dollar Bill'],81750,2014,False,,0.33799999999999997,0.644,0.6509999999999999,0.5660000000000001,112.26299999999999
3BIwO0u0n2547W94vUtB6N,Hollis,['75 Dollar Bill'],396232,2014,False,,0.535,0.493,0.11800000000000001,0.593,117.021
2OVk6rFt6K4zzpENjDSxC1,4 Altos,['75 Dollar Bill'],102635,2014,False,,0.265,0.10099999999999999,0.991,0.0368,85.27600000000002
4gBQPTV0czlxB8ItrlRU3C,Slow Jumper's Harp,['75 Dollar Bill'],559250,2014,False,,0.39,0.47200000000000003,0.794,0.564,102.75299999999999
1F2PlgO7xFg9fmKEBjg3JA,7Twenty7 - Live in Halmstad 2010,['Roxette'],237493,2011,False,,0.287,0.779,1.3300000000000001e-05,0.5529999999999999,137.105
4FURWsF9bGTZoa88hK1KRI,762's,['ZAYSAVAGE'],68592,2020,True,,0.7759999999999999,0.504,0.336,0.653,98.581
3czM6AU4s2u5RxUsumcrVV,Mirai Sekai Pt.3: Aeon Metropolis,"['7 Minutes Dead', 'Varien']",235625,2020,False,,0.406,0.889,0.00547,0.0758,119.941
3LyCc7V77yxcfaq4EOs8GE,7.62 Freestyle,['Bigguy'],133747,2020,True,,0.7340000000000001,0.65,0.28800000000000003,0.643,157.928
208JPIleHDRhYGRqXMkWqO,7 Words,['Pigface'],186973,2007,True,,0.209,0.8859999999999999,0.00255,0.215,174.706
6XP7AXd3EmGe89WAItsKAt,777595577@!!!,['Goxxip'],243973,2003,False,,0.301,0.991,0.74,0.0897,157.269
02M6vucOvmRfMxTXDUwRXu,7/11,['Beyoncé'],213507,2014,False,,0.747,0.705,0.0128,0.56,136.024
4cgAyUnChayTwt4G7ej1AN,7 Seas,['637godwin'],192841,2020,True,,0.754,0.555,0.10800000000000001,0.5760000000000001,139.972
5UFOXqB5uHU7ulIBwd7np7,Living Legend,"['Vill 7 Hill', '""Big Boy Tracks""']",227396,2020,True,,0.551,0.591,0.0611,0.24,80.016
7um6TunJqcDs4lLVnb0elh,Cocain Lorraine,"['Vill 7 Hill', '""Brian Burner""']",208457,2020,True,,0.6559999999999999,0.655,0.0184,0.44,76.03
3Lp26f7RaR6BHUnCIKS04s,Lord Forgive Me,"['Vill 7 Hill', 'Jhovie', 'Shanice Lanae Produced By. Brian Burner', '""Brian Burner""']",272509,2020,True,,0.48100000000000004,0.743,0.00433,0.57,84.363
5u1hA6cCEzMbAc9GW8wZLf,ONE DAY,"['Vill 7 Hill', 'Saviii 3rd Produced By. ""Brian Burner""', '""Brian Burner""']",197172,2020,True,,0.818,0.61,0.000787,0.774,93.001
0fNVC3ILNJLkeF22cXerE3,Pocket Rock,"['Vill 7 Hill', 'The Landlord Produced By. ""Brian Burner""', '""Brian Burner""']",214178,2020,True,,0.821,0.639,0.00011599999999999999,0.129,140.05700000000002
5WI7nJj7Zf15yVsPsxtV5F,She Want the Best,"['Vill 7 Hill', '""Brian Burner""']",204408,2020,True,,0.818,0.56,0.00586,0.35,100.98700000000001
5xOPk2DCk4XMidGvvUZdRp,Super Metroid,"['Vill 7 Hill', '""Brian Burner""']",188238,2020,True,,0.69,0.569,0.00105,0.122,127.86
13PKnbcuZVb1inl5bT6c44,THE BNB,"['Vill 7 Hill', 'Bigb OTB', '""Big Boy Tracks""']",181943,2020,True,,0.54,0.5,0.0111,0.511,118.26299999999999
1BZaCCEpzjpQaDLsp4tr0T,Башкирский мед,['7Б'],161340,2020,False,,0.527,0.883,0.0175,0.47200000000000003,96.91799999999999
03glBmdlO11HvHIEfpt6Ah,Brk(Intro),['7098'],107750,2020,True,,0.534,0.569,0.145,0.82,174.30900000000003
5jPIjQqnzbvDaWiWtojfIB,Time/Space,['7098'],174324,2020,True,,0.821,0.5670000000000001,0.0193,0.226,73.999
6xzHH6EGODQibjc41Y8Dl7,Falling,"['7098', 'Mufasa Enzor']",109971,2020,True,,0.711,0.595,0.0665,0.55,79.422
2qcghXqGVIzlafZACd6u22,Take Yo Time,['7098'],150808,2020,True,,0.716,0.475,0.139,0.8590000000000001,82.9
5l02Rvu29gs3315RU6MOqX,98 Radio,['7098'],82747,2020,True,,0.569,0.435,0.536,0.745,89.51899999999998
1gpWzQ9qDCa1HmsDb7qHP7,Juice,['7098'],215264,2020,True,,0.483,0.852,0.24,0.698,80.374
6fiElOZDn6rJTuHdPgNzUw,Fuck up the Vibe,['7098'],182420,2020,True,,0.774,0.703,0.042,0.39299999999999996,92.98899999999999
63eagHhDVFdQc5d6pk0iZc,Who Do You,['7098'],167976,2020,True,,0.608,0.799,0.298,0.441,78.41
0Kc2tJ3RUWDN52AXYWtDAt,Brk(Outro),"['7098', 'Reya Reigns']",148641,2020,True,,0.63,0.359,0.846,0.218,75.064
4aGQ1xFdAHMicuQEx1piqC,The Longest Way Home,"[""78 RPM's""]",141227,1998,False,,0.552,0.8809999999999999,0.157,0.94,158.347
0PYSnV7Wj9soiU1czGfk7F,21st. Street Bash,"[""78 RPM's""]",125333,1998,False,,0.509,0.9640000000000001,0.00455,0.961,103.756
1wJapt2BIvoA19WZcUwAbS,Leg Picked Fly,"[""78 RPM's""]",123707,1998,False,,0.313,0.996,0.0195,0.504,106.79
3M2IXVR32RfoxN0NEPGgCD,Burrito Snatcherz,"[""78 RPM's""]",109027,1998,False,,0.261,0.961,0.0239,0.927,86.117
3hpZQTzoZGx3y37FjgLUbJ,Pawn Takes King,"[""78 RPM's""]",119467,1998,False,,0.486,0.9309999999999999,0.0387,0.975,195.26
7oyTlvl8OcTnTSduoQzIsg,Got Nothin',"[""78 RPM's""]",119867,1998,False,,0.594,0.9740000000000001,0.000178,0.823,116.566
1OpehKZlDPK98fqWEWmjLQ,This Day,"[""78 RPM's""]",138948,1999,False,,0.34,0.9490000000000001,4.47e-05,0.905,126.583
0St6z1FYjUV4BMFyARcvSW,Conviction,"[""78 RPM's""]",177958,1999,False,,0.491,0.917,0.00263,0.8290000000000001,106.694
6s8qCykznzwgE7d24hgI7r,I Didn't Know I Had a Choice,"[""78 RPM's""]",107926,1999,False,,0.17800000000000002,0.938,1.61e-06,0.451,166.65099999999995
5278weX11QcI6yYuox0eqr,Short Fuse,"[""78 RPM's""]",128546,1999,False,,0.502,0.934,0.000113,0.745,98.59
4x77j1JApDl4oV0NWVaD8L,Eating Dirt,"[""78 RPM's""]",147679,1999,False,,0.254,0.8690000000000001,0.00023999999999999998,0.818,177.377
5FbD5z4SBjiTJxhwb5Jmrf,New Industry Standard,"[""78 RPM's""]",132168,1999,False,,0.436,0.9570000000000001,4.95e-06,0.6,98.80799999999999
2dFqu5VIR25SPaM1sCesvn,Nobody's Business,"[""78 RPM's""]",213716,1999,False,,0.71,0.774,0.0136,0.867,113.69200000000001
4ooJ5IS7BQgx2L5vouC55K,Bomb Squad / Pulsator,"[""78 RPM's""]",225048,1999,False,,0.39399999999999996,0.853,1.2e-05,0.5329999999999999,99.609
3ERYjjprWdB33XumARbRia,Quick Hands Back,"[""78 RPM's""]",74954,1999,False,,0.257,0.9620000000000001,3.4899999999999995e-05,0.653,144.42600000000004
1SBCtWFneOvSv4Z82StNxj,Breakaway Beat,"[""78 RPM's""]",188453,1999,False,,0.565,0.754,0.015,0.972,87.969
4bzbmGU1UKIePyJCoSwBQ2,Playground,"[""78 RPM's""]",127803,1999,False,,0.369,0.932,2.72e-05,0.847,122.564
3wzOjQ8Aym7Adz13BDbMTG,Click Click Click,"[""78 RPM's""]",105976,1999,False,,0.428,0.9279999999999999,0.0082,0.945,97.766
7qW7NPFNHwWyv4saiOJ5xh,Hag,"[""78 RPM's""]",161890,1999,False,,0.38299999999999995,0.94,0.00173,0.922,93.405
5tWLEOQYsv6KHfkxbEDEzQ,Chasing My Tail,"[""78 RPM's""]",140899,1999,False,,0.35100000000000003,0.978,2.21e-06,0.94,110.969
3jLSfRFQpFGVxsVnakKPNd,7 Stunden - Piano Sessions,['LEA'],185587,2020,False,,0.677,0.218,0.922,0.342,81.995
0rA9HonPSSxTbPJkB81Qqh,742617000027,['Slipknot'],36049,2009,False,,0.332,0.48,0.000317,0.8059999999999999,85.58
2TWJdoMZKXT6VoytNOrpZL,77,['Dan Dan'],251434,2019,False,,0.24600000000000002,0.608,0.105,0.221,142.18200000000004
